Year,SP_m1,SP_m2,SP_m3,SP_m4,SP_m5,SP_m6,SP_m7,SP_m8,SP_m9,SP_m10,SP_m11,SP_m12,QQQ_m1,QQQ_m2,QQQ_m3,QQQ_m4,QQQ_m5,QQQ_m6,QQQ_m7,QQQ_m8,QQQ_m9,QQQ_m10,QQQ_m11,QQQ_m12
2000,,-0.015225917180846649,0.09691377012741897,-0.03512058686794539,-0.015721921573357722,0.019681616909134947,-0.01570254113456515,0.06534107118832755,-0.05486210131398683,-0.004678124206893397,-0.07465299424396865,-0.005226726158006012,,0.19024341668510725,0.025760992708457886,-0.13470296085119815,-0.12269165337201704,0.12406014751998118,-0.042809166478557814,0.13626817528156665,-0.12669132521921544,-0.07940060614734568,-0.22910740830667642,-0.07318284338376513
2001,0.04445915454032612,-0.09538777356984574,-0.056036943273633844,0.0854405735434145,-0.005606068404384823,-0.023829342946080967,-0.010195945157379205,-0.059331882699839245,-0.08163067499135634,0.013021194086904497,0.07797789124267562,0.005639310634423689,0.10149923649635517,-0.2620532321418776,-0.17492032725594475,0.17879892675894848,-0.03076932850766123,0.021685507005088533,-0.08621372903433144,-0.12284532807784887,-0.2088447606085051,0.1697713798897511,0.16961663839539742,-0.01866296988469629
2002,-0.009798871463672088,-0.017935505447382094,0.03326963735968946,-0.05815580540967036,-0.005932953081555614,-0.07380739999773955,-0.07882014492815437,0.0068016606932690404,-0.10485256365709983,0.08228403573029941,0.06168105356790132,-0.056570046089244985,-0.01028077642612224,-0.12282496188335634,0.06749599661636041,-0.12007787649274593,-0.05326166556483469,-0.1311588025365522,-0.08620633190367133,-0.015094995493156182,-0.11792242600810843,0.18484478767117984,0.1291252415048314,-0.1208511417974103
2003,-0.024594732606653125,-0.013479066098338599,0.002140068239214754,0.08461189509179445,0.054836083566267346,0.010651499433579348,0.018027465284685462,0.020626124870791074,-0.010906755506982613,0.05352699354956103,0.010921273119500974,0.05031301088904239,0.0028724010915086584,0.029459245271039824,0.00357721956447854,0.08712891591812566,0.0852459409687778,0.005370584649450505,0.0617694182786519,0.05000054964441558,-0.02905079447976955,0.08513241380692049,0.005685278185521669,0.03092853165140519
2004,0.019769671181250725,0.01357062677865839,-0.013245651652914359,-0.018921503787744487,0.01712386869555549,0.018500780935762684,-0.03221837333417088,0.002436000847251263,0.010037016483293248,0.012884353954723649,0.044518112838421775,0.03012139502496569,0.016730292878439856,-0.013487134340180007,-0.019962665324240847,-0.029854457530240963,0.05119339716290261,0.03255796654174037,-0.07551666348572861,-0.024935368376025835,0.03292214994752252,0.05008491012101701,0.06016289230277083,0.03022346433748546
2005,-0.02242106702643787,0.020903893999752565,-0.018293071205526812,-0.0187352640918107,0.032224837273908236,0.0015146877594867103,0.03826162656322407,-0.009374355202902862,0.008025290747300629,-0.023651005060573937,0.04395243336156662,-0.0019132070558376402,-0.06312627503715684,-0.004812511933957264,-0.017463647324329812,-0.043478852907443244,0.08862237459878752,-0.03324604830696687,0.07612792210797514,-0.015158858164281863,0.01231390915992292,-0.014951777160308932,0.06097226818688095,-0.017762076014245842
2006,0.024014341644037263,0.005725180943478181,0.01650372394870825,0.012632266655935753,-0.030120936569662526,0.002607901639835264,0.004478401412538524,0.021822423987460926,0.027001551212384012,0.03151652149748174,0.019885775936262506,0.013370433383418145,0.039346624236235694,-0.021428857579077643,0.020910498841163694,-0.0019076059714792093,-0.07240181822955072,-0.0006155396725745499,-0.043074473548225356,0.04770886854212675,0.046396184266411566,0.047478102506476993,0.03428814974910188,-0.018787572370662864
2007,0.015040849194471795,-0.019617556767223876,0.01158876616244875,0.04429563766869782,0.033920312573694655,-0.014620694851668281,-0.03131031956153485,0.012833223687940709,0.038713958037776885,0.013566897299744474,-0.03873318317521979,-0.011260106160619121,0.021084291829397417,-0.01679140938072865,0.005248190782231266,0.05582405985013028,0.0315490792721862,0.004792401147490022,-0.001470201243685576,0.02819234874992005,0.05252203412143808,0.07041409444814284,-0.06759957634228497,-0.0007140470040234437
2008,-0.060461180581833474,-0.025842747547787925,-0.008942028638053157,0.04766197819397622,0.0151169205114845,-0.08357604808712149,-0.008985498884671816,0.015453466271441618,-0.09417353198175249,-0.16518666343527366,-0.06960641316762206,0.009796178201988637,-0.11889841929368439,-0.04830511888924627,0.018723593868678945,0.07982610705542226,0.05930922727288479,-0.09615033933588835,0.006420014696784548,0.014518687324561741,-0.15576272038734051,-0.15471626680414186,-0.114624374362165,0.022774012474516825
2009,-0.08211439647940089,-0.1074488679108937,0.08331020441381165,0.09934649521980488,0.05845349509063258,-0.000654750912471469,0.07460563060396286,0.03693931042875165,0.0354572702253253,-0.01922536863980906,0.06160714514214716,0.019101094842256527,-0.022864603840994313,-0.052650033056726775,0.10316542874813117,0.13060665622784717,0.03208894737784673,0.029528594670177766,0.08438730143349726,0.014702099101346455,0.05647969485487048,-0.030532604130539376,0.06347705131125791,0.05202782142425466
2010,-0.03634280502895515,0.031194727570829528,0.0608797773062435,0.015470161969116214,-0.07945461954801203,-0.05174099956931433,0.06830106018530202,-0.044980805926877476,0.0895546458717491,0.03820206277160487,0.0,0.06685206548996203,-0.06469938567065692,0.046039156072598786,0.0771088325773952,0.02242531351465571,-0.0739239159473919,-0.0597567593756293,0.07258311046106347,-0.05129917724123223,0.131728207261812,0.06337872833852587,-0.001724991254939856,0.047571531790941535
2011,0.023300175207183305,0.034737264513734045,0.00012038513085310676,0.02896145974042663,-0.01121473203461787,-0.016869373144809297,-0.02000487628844272,-0.05497544841119306,-0.06942107270712372,0.10914743320441245,-0.004063927611060003,0.010448716576445749,0.0282777005700523,0.031607135100923944,-0.004483102634532332,0.028730752615408806,-0.012186758897560712,-0.020254654360228108,0.016651888402702708,-0.050689347579290334,-0.04490876156524448,0.10402016154118865,-0.026919637719142853,-0.006141956652014335
2012,0.046374157513775494,0.04340541116223906,0.03216416085705509,-0.006675643919563878,-0.06005549836774404,0.040580530028311745,0.011829763007805916,0.02505274941436242,0.025350740866208366,-0.01819854384455799,0.005659793026395299,0.008934621470876092,0.08418414182685074,0.06410022901469925,0.05053052504936861,-0.011694797041758798,-0.07040169364464988,0.03621413425761588,0.009975190284750912,0.05185224576742309,0.008883713004179672,-0.0527926614205384,0.013087320218705178,-0.004669600119251993
2013,0.05118978251678685,0.012759524118822974,0.037970644684085286,0.01921263885352764,0.02360941111501602,-0.013344245577018521,0.0516770145709049,-0.029992807372946073,0.03164693228445148,0.046306555367911395,0.029637603441182492,0.025926656468507447,0.02671594077605488,0.0034392288185141062,0.030247574359084872,0.02537387375534239,0.03577474880567455,-0.023952457007364036,0.06313994955370794,-0.003959099569278868,0.04832141464922768,0.049569093788524254,0.03551128453283492,0.029271276228626686
2014,-0.03524843338498074,0.04551580091034335,0.008295919791569739,0.006951106473946256,0.02320643999078409,0.020644855174841936,-0.013437687711541968,0.0394637558523081,-0.013796312493504659,0.02355093417461962,0.027471894028158195,-0.002536690930203034,-0.019213467165168918,0.05152440431819283,-0.027335825601839447,-0.0031937637620366166,0.044856525148220694,0.03123825740267039,0.011819404157200397,0.050095183152433,-0.007566550574631847,0.0264196164447692,0.045463611785873326,-0.02240628691082247
2015,-0.029629018222003922,0.056204637769502686,-0.015705937496820144,0.0098336477678449,0.012856456130852179,-0.02031193767880901,0.022588936397898163,-0.06095016887631388,-0.02551552954501024,0.08505946808997833,0.003654997803718585,-0.017282332230538988,-0.02082342681400806,0.0722060910984954,-0.023590017158805043,0.019223507163429465,0.022484366295910885,-0.024840783923021137,0.04557779973285658,-0.06824502655862208,-0.02207271104531061,0.11369897902740078,0.006088302133153478,-0.015947707576042136
2016,-0.04978695149795198,-0.0008256246462022832,0.06726610855557769,0.003941000903352476,0.01701158375079337,0.0034758725915080557,0.036471338060391156,0.0011975270799862159,5.819060086120764e-05,-0.01733758350621284,0.03683882591596821,0.020271554724430763,-0.06910414147785726,-0.015653613701667735,0.06852625031040627,-0.03186857096097284,0.04370028843024776,-0.022779992632941615,0.0715086083277896,0.010500498301772465,0.022135263170377284,-0.014572108831198416,0.00435956851489272,0.011322192401682196
2017,0.017895105017703417,0.03929128705427676,0.001249976590806945,0.009926392436706344,0.014112711641250941,0.006374883685875021,0.02055425848103587,0.0029176758873457054,0.020149309227950774,0.023564165557987238,0.03056551007794739,0.012128492231538335,0.05140127064914268,0.0437502739798552,0.02026883537572055,0.027269873378138465,0.038973691135382404,-0.02317962083132996,0.040612860725560695,0.020736373536201613,-0.002952504681849377,0.04606401415185912,0.01971726001621077,0.0060309639959228445
2018,0.056358919087916126,-0.03636037430250305,-0.02741047238395844,0.00516815978774865,0.024308930650983163,0.005750978505359106,0.0370466678066772,0.031919890507256854,0.005945521776617113,-0.06910426542226078,0.018549251055354432,-0.08804866952636037,0.08757081658686983,-0.012927911275415926,-0.040788363369008485,0.005058576548376159,0.05672926642434284,0.011450255033506496,0.02796396865239581,0.0578065371046359,-0.0028161913604515254,-0.08595720739207713,-0.002649843825652365,-0.08660735221506166
2019,0.08006596679607192,0.032415564790612805,0.018100678899141576,0.04085199386301874,-0.06377079948334541,0.06958603330632585,0.01511975248061126,-0.0167436054270651,0.019457866106470156,0.022104867496387737,0.036198397655556436,0.029055291640555092,0.09010792525374134,0.029911848242054395,0.039245606439552105,0.05499296767608097,-0.08225183587066376,0.07590018811673827,0.023348314301389284,-0.01899556551048498,0.009178772200693075,0.04380076135802469,0.04069404793272846,0.0388639614344477
2020,-0.0004038924294671453,-0.07916559159316605,-0.12487133224032987,0.12698370719088103,0.04764502831102635,0.01773424417911551,0.058892470092684945,0.06979649855438441,-0.03744356922239678,-0.024933320795446745,0.10877682263602417,0.03704836548217472,0.030384237750014087,-0.060574196448299866,-0.07285849270098232,0.14973752055586842,0.06600883045338013,0.06286671779319253,0.07346552620242441,0.1094473315147928,-0.05778649596211349,-0.030448876201416786,0.11225747915209561,0.049024176939391095
2021,-0.010190414323580477,0.02780553302643618,0.045399005389544334,0.052910708286805,0.00656597959294114,0.022427490940694295,0.024412387880473396,0.029759849725239373,-0.046605421397510005,0.07016343624181265,-0.008034756595585613,0.046247722784484635,0.002613652960663515,-0.0013349207274748753,0.01716761282461099,0.059098066428672436,-0.012012143835383182,0.0626214452232845,0.028609318731536826,0.04218643837361147,-0.056831325940030486,0.07863989119521242,0.019968479056096555,0.011523458127750796
2022,-0.052741199353322,-0.029516892887296753,0.037590265370741616,-0.08776916333302964,0.002257424192056101,-0.0824604996011441,0.09208741564326428,-0.040802091604171586,-0.09244575121732279,0.08127551884345863,0.05559160972833621,-0.057628181033145376,-0.08747033736351062,-0.044759600881053574,0.046678893473115046,-0.13595725350331678,-0.015866264433355592,-0.08907877609770509,0.12551726207945357,-0.05132182523561846,-0.10535544618098613,0.03999856161724491,0.055441549898055165,-0.09013666548100618
2023,0.06288746745066498,-0.025142809084180207,0.03707778241533077,0.015974984009533788,0.004616101351502477,0.06479990750902087,0.03273318536406933,-0.0162519519210802,-0.047434530663509,-0.02170868557606076,0.09134399803328819,0.045655319990160814,0.10642950128478623,-0.003597972775507885,0.09492713543327502,0.0050792012515124,0.07883779009890879,0.06303855787741153,0.03860094328103614,-0.014829940453013113,-0.050798562926398505,-0.020654838903828243,0.10818832518393906,0.05586945977285929
2024,0.015926327051789757,0.0521868367182019,0.03270204845301605,-0.040319621868539435,0.05057967389848517,0.035280073236739096,0.012109248193644229,0.023365557369321666,0.02100455757608799,-0.008923647412617086,0.059633506437098305,-0.02406014436312176,0.018192032544991354,0.052833588172129575,0.012749727228262842,-0.04373785909476868,0.06151816940171906,0.06470126987495428,-0.016781065239026893,0.011038692135343586,0.02621596817414873,-0.008646383895421605,0.05350835095786288,0.004540284050956744
2025,0.0268564962055593,-0.012694879396753067,-0.055719174292190976,-0.00867014376643227,0.06284483157507648,0.05138622856489983,0.023031507002519103,0.020519557405096478,0.03562036495851717,0.0238374088945974,0.0019500001387040555,0.0,0.021633983920357203,-0.02703464216020013,-0.07586179208966692,0.013968176770036145,0.09178291098793667,0.06385834083613418,0.024236885002931086,0.009539707594464986,0.05376216453751215,0.04780387501115757,-0.015610356891737176,0.0
