window,variable,coef,p_value,t_value
all,const,-0.026675471463297983,0.00024317316448845341,-3.673169659252877
all,VIX,0.0022117762812844423,2.0224730006214042e-19,9.065665366977198
all,US10Y,-0.002466919261927383,0.0618840064674856,-1.8677292330080166
all,USDJPY,0.00016507207032869276,0.008168983668379579,2.6465281649429255
all,RET_QQQ,0.29072185889242447,0.5135355704208453,0.653409519999354
all,RET_SP500,0.14765528642805476,0.7979107910387092,0.2560715093810808
all,RET_NASDAQ,-0.45118426103877085,0.41333968144790123,-0.8181289871157079
all,RET_DOW,-0.05098059115165139,0.8821907680398136,-0.1482035099319157
all,RET_VIX,-0.01994572668944823,0.20496749289165497,-1.2677633302295295
all,RET_US10Y,0.10723152103770611,0.05459682136253326,1.9227209311354618
all,RET_USDJPY,0.04783668947988799,0.7281258910157292,0.3476476477964283
all,RET_GOLD,0.043786947842965995,0.6096268227213151,0.5106525704175073
all,RET_TLT,0.33153356490906105,0.03258878181132092,2.137970279636645
all,RET_QQQ_MA20,37.81031038749991,0.012023084952766425,2.512788169371678
all,RET_SP500_MA20,-35.18902798107158,0.044290366033985513,-2.0120632971560135
all,RET_NASDAQ_MA20,10.976257176592778,0.0007900834518498338,3.3592119410464933
all,RET_DOW_MA20,6.002602194625919,0.005344479518597081,2.7872605184600254
all,RET_VIX_MA20,-0.40547646389917336,0.0009488095536769843,-3.3081220686996518
all,RET_US10Y_MA20,-0.8033027314570866,0.08482232942621644,-1.7238589438507295
all,RET_USDJPY_MA20,2.515990382639616,0.012319371529977474,2.504171384300183
all,RET_GOLD_MA20,0.12112871819161308,0.8230840006902074,0.22359706713909636
all,RET_TLT_MA20,-0.6100108622948522,0.615440825470368,-0.5023675990340986
all,RET_QQQ_MA60,-32.12538919776988,1.4070364374920825e-10,-6.434651402835035
all,RET_SP500_MA60,-4.097984425223938,0.5152594057144209,-0.6507368897416864
all,RET_NASDAQ_MA60,32.51343713646867,1.4888303091193122e-08,5.676356860788447
all,RET_DOW_MA60,-2.2408042364245593,0.5599684744417106,-0.5829445691543818
all,RET_VIX_MA60,-1.0816201169081054,1.9272838375253437e-06,-4.769028323123775
all,RET_US10Y_MA60,0.5439511733144504,0.5633702798846841,0.5778982695794435
all,RET_USDJPY_MA60,-12.333145260038854,7.891493947554258e-13,-7.19009297182431
all,RET_GOLD_MA60,-4.460850137496172,2.7414288031163176e-05,-4.1995665914222515
all,RET_TLT_MA60,5.595780645701653,0.02359885606039586,2.264596467883558
all,MRDI_Short,-0.01013397692536505,0.00011288703027277598,-3.865506955487075
all,MRDI_Long,-0.011557895845302622,7.737892595156712e-06,-4.479082656573018
all,MA20_MRDI,0.001404137636078313,0.2206594290371211,1.224997054332975
all,MA60_MRDI,0.0007550520400805356,0.5186669244662461,0.6454675006916343
all,RiskScore,0.11626451784092136,7.0637748422814e-06,4.498615771493515
all,RET_QQQ_20D,-1.6997407251833323,0.0029947976701542875,-2.9703695913423407
all,RET_SP500_20D,0.8403832921462673,0.19714240530142954,1.2899831914901114
all,wd_0_x_MRDI_Short,-0.0026365296558166097,0.19490496752909062,-1.2964549039475268
all,wd_0_x_MRDI_Long,-0.0011717810804476663,0.5372033813861244,-0.6171088738053547
all,wd_0_x_RET_QQQ,-0.3263864955875642,0.02033809892199617,-2.3211180807007827
all,wd_0_x_RET_SP500,0.1336937580636225,0.4230191653073444,0.8012890410627653
all,wd_1_x_MRDI_Short,-0.0007579962031867081,0.6987683207210886,-0.38701567781855106
all,wd_1_x_MRDI_Long,-0.0045140788293931665,0.014235840608154575,-2.4524942915629087
all,wd_1_x_RET_QQQ,-0.3032241175450512,0.028748687598879854,-2.187826517488564
all,wd_1_x_RET_SP500,0.1550370729901791,0.33380182786855617,0.9666190575019175
all,wd_2_x_MRDI_Short,-0.0027166987428013335,0.1703315815377293,-1.3714235536617876
all,wd_2_x_MRDI_Long,-0.0014852865336674,0.46049032768345266,-0.7381217925662465
all,wd_2_x_RET_QQQ,-0.341701068813577,0.012871022703220533,-2.488605944956715
all,wd_2_x_RET_SP500,0.18053997854337467,0.26145340648611853,1.1231453897257138
all,wd_3_x_MRDI_Short,-0.0035226124765032714,0.11734194140805607,-1.5664179162029515
all,wd_3_x_MRDI_Long,-0.0002919009359946033,0.8991333833508051,-0.12676544877223736
all,wd_3_x_RET_QQQ,-0.351394296362,0.011006249217480708,-2.5438675432250335
all,wd_3_x_RET_SP500,0.17902956030126574,0.2722306350108395,1.0981145112669153
all,wd_4_x_MRDI_Short,-0.0005001398103286288,0.8092227766191435,-0.24144722004269736
all,wd_4_x_MRDI_Long,-0.004094848367236168,0.04663308867440834,-1.990328106643314
all,wd_4_x_RET_QQQ,-0.3770347468738896,0.006635643533436156,-2.7162339079743036
all,wd_4_x_RET_SP500,0.1920829222463566,0.23013686258046337,1.2002172498450685
all,m_1_x_RET_QQQ,0.36119504766298577,0.032650596539937356,2.137209908841621
all,m_1_x_RET_SP500,-0.37250043054515747,0.0789962481534547,-1.7570568703959852
all,m_2_x_RET_QQQ,-0.8013187523747298,1.7077616460498753e-09,-6.039620575680632
all,m_2_x_RET_SP500,0.767298081421863,3.382336580375857e-05,4.15150446379095
all,m_3_x_RET_QQQ,-0.2811677581976433,0.02980785299809092,-2.1735295342066734
all,m_3_x_RET_SP500,0.03766844939609651,0.8043974992548124,0.2476789065182809
all,m_4_x_RET_QQQ,-0.03048344777555971,0.8431237234306244,-0.19791427252415558
all,m_4_x_RET_SP500,-0.22488018617179048,0.21591052077466957,-1.2377013205777503
all,m_5_x_RET_QQQ,0.059798494780226655,0.6801876985914076,0.4122417373768002
all,m_5_x_RET_SP500,0.22541085269474687,0.26755120545013045,1.1088975008239665
all,m_6_x_RET_QQQ,0.2073062620627077,0.1435432918659794,1.4630533708237505
all,m_6_x_RET_SP500,-0.14266501450462493,0.4641952777201185,-0.7320371891201486
all,m_7_x_RET_QQQ,-0.46906355032588726,0.0005701966314479977,-3.4486044025685616
all,m_7_x_RET_SP500,0.14086999257885166,0.45276470019777615,0.7508983848217528
all,m_8_x_RET_QQQ,-0.5132305301895247,0.00035416164486452926,-3.5756189402663012
all,m_8_x_RET_SP500,0.23789301657743714,0.17619787916054858,1.352830480908988
all,m_9_x_RET_QQQ,0.01032148726552484,0.9512732535808168,0.06111234683060277
all,m_9_x_RET_SP500,0.0916935938649823,0.6458348368436838,0.45959623544951295
all,m_10_x_RET_QQQ,0.20405299067748472,0.2195443830058281,1.227962237233012
all,m_10_x_RET_SP500,-0.36963851820663113,0.05400492944611056,-1.9274510618671814
all,m_11_x_RET_QQQ,0.2602191915451574,0.06690556776732494,1.832882917669564
all,m_11_x_RET_SP500,-0.28224980564708674,0.10581241172940216,-1.6177263946471665
all,m_12_x_RET_QQQ,-0.7073701603243862,2.5133168672294825e-05,-4.219297349001435
all,m_12_x_RET_SP500,0.7314832606868681,0.00010902260129247844,3.874036165770428
1y,const,0.9810641340172169,4.232970425301036e-06,4.749309278762349
1y,VIX,0.0043359759355762785,2.479630987581863e-05,4.332500309010967
1y,US10Y,0.015927403577994458,0.41427004268708256,0.8183504172110887
1y,USDJPY,-0.007514469351840926,5.473331438893492e-09,-6.136787608532834
1y,RET_QQQ,1.0032540775472316,0.40773784325979556,0.829878976049254
1y,RET_SP500,0.8976848394796235,0.48065981729223717,0.7067532311296546
1y,RET_NASDAQ,-2.08859479284326,0.09056294746603594,-1.7018306108703958
1y,RET_DOW,0.12299337021863017,0.8369197334160976,0.20614185104245278
1y,RET_VIX,-0.020971902800042696,0.5325228475249202,-0.6254006340880005
1y,RET_US10Y,0.04340640556515611,0.8909855515880745,0.13725686621145614
1y,RET_USDJPY,0.22988594616898309,0.3708870773375822,0.8971205903835133
1y,RET_GOLD,-0.0040525708572846965,0.9772612404763408,-0.028543447755293903
1y,RET_TLT,0.8704111951337009,0.06549067620636416,1.8535242205128244
1y,RET_QQQ_MA20,19.821441775206672,0.886131563665195,0.14340977239315678
1y,RET_SP500_MA20,-26.57507216750078,0.8922540058041437,-0.13564984628144985
1y,RET_NASDAQ_MA20,61.743627543835906,5.216673904677054e-06,4.701413606547813
1y,RET_DOW_MA20,-7.968854232101892,0.12434399207796305,-1.5442095031398388
1y,RET_VIX_MA20,-0.18002371569467668,0.621162478455578,-0.49508313202458365
1y,RET_US10Y_MA20,5.8521271116332025,0.22339332490700214,1.2218879870201937
1y,RET_USDJPY_MA20,13.112492385402986,0.0005266054850042606,3.532419285752005
1y,RET_GOLD_MA20,2.1224354049128396,0.14701346861925574,1.456618942119223
1y,RET_TLT_MA20,3.185330086281125,0.6412182297147011,0.4668075175723282
1y,MRDI_Short,-0.059537304252803604,0.006564174843517789,-2.7511229939904154
1y,MRDI_Long,-0.04699188923266871,0.04409175315708297,-2.027853441437378
1y,MA20_MRDI,0.0015254982384179897,0.6872056743340724,0.4033193180367659
1y,RiskScore,0.5752419127128242,0.0189497291471537,2.3685231594421934
1y,RET_QQQ_20D,-3.357052263317245,0.5202975256797904,-0.6441871245546268
1y,RET_SP500_20D,1.4451552284752318,0.8492619360723275,0.19034178006642116
1y,wd_0_x_MRDI_Short,-0.01523277624464381,0.0446789527637526,-2.022195192969825
1y,wd_0_x_MRDI_Long,-0.005566583943369322,0.4354642277227525,-0.7816709692818185
1y,wd_0_x_RET_QQQ,-0.6201088214820047,0.5620035017362042,-0.5809768870556753
1y,wd_0_x_RET_SP500,0.27066106451300875,0.8620034260345277,0.17408048188173134
1y,wd_1_x_MRDI_Short,-0.020673605517737757,0.004113278381571144,-2.9076548840580982
1y,wd_1_x_MRDI_Long,-0.0015619010414016678,0.8443993163281838,-0.19656081926108757
1y,wd_1_x_RET_QQQ,-0.7172322161182456,0.4894845617505129,-0.6925905674952769
1y,wd_1_x_RET_SP500,0.2982126318138562,0.8429656438807246,0.19839586137907245
1y,wd_2_x_MRDI_Short,-0.008393785306337779,0.28749663286130256,-1.066877792992499
1y,wd_2_x_MRDI_Long,-0.011578998431133532,0.13693037020664678,-1.4941766262871867
1y,wd_2_x_RET_QQQ,-0.6621092581427509,0.5346027379649894,-0.6222266052797257
1y,wd_2_x_RET_SP500,0.23843156170882968,0.8769698658800414,0.1550382118238976
1y,wd_3_x_MRDI_Short,-0.006400842734908532,0.34779825192975,-0.941398743173917
1y,wd_3_x_MRDI_Long,-0.015234342094876724,0.0508564519657423,-1.966206430799819
1y,wd_3_x_RET_QQQ,-0.6401396337520917,0.5619522331890249,-0.5810531271560091
1y,wd_3_x_RET_SP500,0.18115628105777454,0.9096920292735243,0.11359125335851504
1y,wd_4_x_MRDI_Short,-0.008836297823827655,0.16994740191646132,-1.378049665758677
1y,wd_4_x_MRDI_Long,-0.013050061445169714,0.0644998938837257,-1.8604492577591711
1y,wd_4_x_RET_QQQ,-0.7174623338577736,0.5108488513515014,-0.658864346074158
1y,wd_4_x_RET_SP500,0.4566936893416614,0.7713798056373887,0.29102110464929837
1y,m_1_x_RET_QQQ,-1.8589268890604367,0.021777350516049294,-2.3149346684685788
1y,m_1_x_RET_SP500,0.18856397056441812,0.8362624035278972,0.2069847604132282
1y,m_2_x_RET_QQQ,-0.5978213340927145,0.4923420757952438,-0.6880344359249979
1y,m_2_x_RET_SP500,0.18150273840569703,0.8746266943506176,0.1580155959947286
1y,m_3_x_RET_QQQ,1.4392810432080738,0.3276118436538241,0.981681819242495
1y,m_3_x_RET_SP500,-1.4238521109439644,0.4558023512043252,-0.7474380044675422
1y,m_4_x_RET_QQQ,0.06934110908910794,0.9307055882598863,0.08708238551205923
1y,m_4_x_RET_SP500,-0.9196961241801643,0.3385840505610066,-0.9595929054224048
1y,m_5_x_RET_QQQ,-0.30847717733360747,0.6175773480010462,-0.5001791195534583
1y,m_5_x_RET_SP500,0.17674408223256483,0.8373674955410766,0.20556775962609103
1y,m_6_x_RET_QQQ,-0.6950052078756457,0.43330858512467063,-0.7853530142863915
1y,m_6_x_RET_SP500,0.8188261708396128,0.5166122021055081,0.6498950455780457
1y,m_7_x_RET_QQQ,1.423243058752129,0.2206655122878558,1.2291505755734924
1y,m_7_x_RET_SP500,-2.257650273494066,0.09067769012487666,-1.701220362197624
1y,m_8_x_RET_QQQ,-1.8555744982195435,0.0399031637414473,-2.070190586516129
1y,m_8_x_RET_SP500,2.264308620969483,0.05830001452399353,1.905918147421611
1y,m_9_x_RET_QQQ,-0.5141851383493956,0.4623111346934984,-0.7366672533899845
1y,m_9_x_RET_SP500,0.533054245829321,0.5982222359344724,0.5279219878733198
1y,m_10_x_RET_QQQ,-0.6972872229384395,0.43498880202624524,-0.7824821279703501
1y,m_10_x_RET_SP500,1.199717957284303,0.3567731965064137,0.923971913487908
1y,m_11_x_RET_QQQ,-0.13951132903550836,0.860155390305795,-0.17643606329705117
1y,m_11_x_RET_SP500,1.0364706409531184,0.30972300280900866,1.01876054624085
1y,m_12_x_RET_QQQ,0.37787132260130013,0.4866911870440891,0.697058413587245
1y,m_12_x_RET_SP500,-0.3528346900282676,0.6502566315572444,-0.4541875809118788
3y,const,0.5932191298013142,1.652239437583158e-30,12.08709768237469
3y,VIX,0.002166790593490325,0.0016347090051972394,3.1627993227989126
3y,US10Y,0.039014680837922436,1.2956339502637303e-05,4.394331859699386
3y,USDJPY,-0.005198814873310733,1.0286058678586792e-28,-11.667379240541969
3y,RET_QQQ,0.8426275390977758,0.3566687176281731,0.9223815169146318
3y,RET_SP500,1.0771132334051805,0.33067034430286635,0.9734865825476464
3y,RET_NASDAQ,-1.6333751517029145,0.11847601309939036,-1.563250192285918
3y,RET_DOW,-0.3892367469359088,0.4567163473389869,-0.7447057027867394
3y,RET_VIX,-0.012893909087901372,0.6636607773890393,-0.4350616398379775
3y,RET_US10Y,-0.24402847767575575,0.2245923630936088,-1.215553400105674
3y,RET_USDJPY,0.04777990831644374,0.8149573692086545,0.23412966151527184
3y,RET_GOLD,0.01103357670854415,0.9379032649741386,0.07793532452242113
3y,RET_TLT,-0.00717095273453199,0.981787905101021,-0.022836164070735358
3y,RET_QQQ_MA20,-58.46683571100467,0.21267491952759499,-1.2474575424161651
3y,RET_SP500_MA20,112.06787134363266,0.1572919969066,1.4158569367545089
3y,RET_NASDAQ_MA20,63.217884652190016,1.7384786109493597e-22,10.1249238816078
3y,RET_DOW_MA20,6.7743007173373755,0.02398319328945301,2.262654297541473
3y,RET_VIX_MA20,0.2636277339655224,0.2760871389382787,1.0900595907515984
3y,RET_US10Y_MA20,-1.9292180589914842,0.2932757670256715,-1.051806183782501
3y,RET_USDJPY_MA20,11.53727572736498,3.303303793447789e-10,6.38208085491643
3y,RET_GOLD_MA20,-1.1296883684127654,0.24527895701879582,-1.1629344494215643
3y,RET_TLT_MA20,1.8173343978930012,0.49814348109974516,0.6777905578377748
3y,MRDI_Short,-0.028910295926909597,0.00011895882987266501,-3.8715719925757344
3y,MRDI_Long,-0.024123151580770552,0.0004131903879431848,-3.5497272893375054
3y,MA20_MRDI,-0.0033874337033107755,0.14010794855264894,-1.4771775523820407
3y,RiskScore,0.2932424485782137,4.62897901646167e-05,4.1010880441739195
3y,RET_QQQ_20D,0.09343873807575695,0.9587526376260211,0.05173871636820177
3y,RET_SP500_20D,-5.030243231962115,0.09243745821430027,-1.6851384685191744
3y,wd_0_x_MRDI_Short,-0.0013038259694664385,0.778367396732578,-0.2815630148873508
3y,wd_0_x_MRDI_Long,-0.010085120495767342,0.0439990147215184,-2.017988818321725
3y,wd_0_x_RET_QQQ,0.06136732247258964,0.8740094674162182,0.15862967622893903
3y,wd_0_x_RET_SP500,-0.9775967121717294,0.12092302003794446,-1.5529263322589044
3y,wd_1_x_MRDI_Short,-0.008785178209166907,0.0898717085581352,-1.698584314399946
3y,wd_1_x_MRDI_Long,-0.0020748875358137754,0.7023932639431426,-0.3822587367824728
3y,wd_1_x_RET_QQQ,0.13980629720755752,0.714552573470991,0.36590681747445486
3y,wd_1_x_RET_SP500,-1.1388995255374423,0.0690472922750029,-1.8210982642601496
3y,wd_2_x_MRDI_Short,-0.0006386197722401412,0.888551187953743,-0.1401921740795098
3y,wd_2_x_MRDI_Long,-0.009481150166303057,0.04262852181353833,-2.031287132407753
3y,wd_2_x_RET_QQQ,-0.05404222219561549,0.8892610203000676,-0.13929344641368427
3y,wd_2_x_RET_SP500,-0.9817813348991913,0.11406504437161755,-1.5822913788794966
3y,wd_3_x_MRDI_Short,-0.007117225136986722,0.1665245666962791,-1.3849957793840362
3y,wd_3_x_MRDI_Long,-0.0037119842150238787,0.49894357528995636,-0.6765285695443397
3y,wd_3_x_RET_QQQ,0.032659060812203655,0.9323419484070989,0.08493126521705913
3y,wd_3_x_RET_SP500,-1.0627596401622228,0.08760332534350057,-1.710732252462551
3y,wd_4_x_MRDI_Short,-0.011065438745195725,0.015975748960594078,-2.41573368697475
3y,wd_4_x_MRDI_Long,0.0012299589601862287,0.7970329695935003,0.2572934003893289
3y,wd_4_x_RET_QQQ,-0.0863517186041502,0.8227694312638263,-0.2240740766217563
3y,wd_4_x_RET_SP500,-0.8692060184304512,0.16625607538940548,-1.3858747627155565
3y,m_1_x_RET_QQQ,-0.7859932692885505,0.023612647434063008,-2.2686671844177106
3y,m_1_x_RET_SP500,0.2925232833288256,0.5639698753325078,0.5772481614659959
3y,m_2_x_RET_QQQ,-0.8286191584836764,0.00048709965682347674,-3.5053292135804206
3y,m_2_x_RET_SP500,0.37384375753837135,0.3612011123491714,0.9137172941101763
3y,m_3_x_RET_QQQ,0.8627409396757842,0.0020049874985524525,3.1019539881070224
3y,m_3_x_RET_SP500,-0.9922567956249414,0.013198546306863157,-2.485129906462087
3y,m_4_x_RET_QQQ,0.2709318783052269,0.418181704375162,0.8100908812450399
3y,m_4_x_RET_SP500,-1.2687893379427888,0.0030512961507167895,-2.973598205389332
3y,m_5_x_RET_QQQ,0.6440742813701053,0.0061753783739156,2.7472164151954734
3y,m_5_x_RET_SP500,-0.7632287748763967,0.036945288809813535,-2.090632773367361
3y,m_6_x_RET_QQQ,0.526334373357729,0.04683769248558516,1.9915225975717843
3y,m_6_x_RET_SP500,-0.6453710832034657,0.15394376294682513,-1.4273885247127356
3y,m_7_x_RET_QQQ,-0.02701477358952586,0.9334776363376469,-0.08350228261017424
3y,m_7_x_RET_SP500,-1.3718169393448454,0.0021355336437013763,-3.0829552274298897
3y,m_8_x_RET_QQQ,-0.5644620908357417,0.19601328634568932,-1.2943114930495516
3y,m_8_x_RET_SP500,0.6382252477371834,0.28728332164359544,1.0649655910576459
3y,m_9_x_RET_QQQ,-0.9969913595609247,0.015623478117314701,-2.4239164876299197
3y,m_9_x_RET_SP500,1.0070168953284016,0.04355630948137828,2.0222456973573846
3y,m_10_x_RET_QQQ,0.22964186890408178,0.5842233981164531,0.547497219352832
3y,m_10_x_RET_SP500,-0.7160839915612465,0.21712012771089795,-1.2354101960333201
3y,m_11_x_RET_QQQ,1.4793593418216273,0.00039304471502257983,3.5631205654500144
3y,m_11_x_RET_SP500,-1.8325202425764187,0.0008768082450386775,-3.3427060065976075
3y,m_12_x_RET_QQQ,-0.7165632931352718,0.03726078390599116,-2.0871411255300036
3y,m_12_x_RET_SP500,0.24821475046435756,0.5944789257930747,0.5326172409614679
5y,const,0.7537973361722158,3.023024410555747e-36,13.026962112825798
5y,VIX,-0.0009705528693634573,0.12733897682300632,-1.5258011317720965
5y,US10Y,0.0931598622814692,3.884348151635275e-29,11.525179140482836
5y,USDJPY,-0.007498190557403026,3.390903912935597e-34,-12.607725543989671
5y,RET_QQQ,1.017182649900959,0.20993530265716648,1.2544565196592103
5y,RET_SP500,0.42879763459863934,0.6581286216938917,0.4426153392368259
5y,RET_NASDAQ,-1.3960837437213247,0.10679771283257891,-1.6140398928798982
5y,RET_DOW,-0.2701492227367845,0.6163619886644677,-0.5011515530896166
5y,RET_VIX,-0.011759015573442182,0.6695596135181598,-0.42686402231831166
5y,RET_US10Y,0.06844477297405396,0.5430839217321495,0.6083403343819296
5y,RET_USDJPY,0.013039955040898903,0.9523340663295208,0.05978922948936003
5y,RET_GOLD,0.12764190434607944,0.3696165784811144,0.8975498977636518
5y,RET_TLT,0.3329750096164816,0.16778207984805427,1.3802511310375882
5y,RET_QQQ_MA20,9.31412700321881,0.770172447916982,0.29221943410823487
5y,RET_SP500_MA20,-21.02867994038622,0.7103867810483167,-0.37143009596781584
5y,RET_NASDAQ_MA20,39.04284759841526,1.1483113435621489e-11,6.8577929627450676
5y,RET_DOW_MA20,13.993620509754168,0.00013276431484072652,3.8344927386238568
5y,RET_VIX_MA20,0.4239561945408714,0.09858029922593448,1.6531380322005451
5y,RET_US10Y_MA20,-8.381802052541014,4.507781242279223e-20,-9.3507338266336
5y,RET_USDJPY_MA20,17.101117736429554,1.1884975851321942e-16,8.41343785970438
5y,RET_GOLD_MA20,-0.20787617533082053,0.8307672126837911,-0.21376709863346247
5y,RET_TLT_MA20,-7.405000244472235,8.128103022117696e-05,-3.9550349012711212
5y,RET_QQQ_MA60,-39.13242384253837,0.0001985249022531042,-3.733131774291111
5y,RET_SP500_MA60,-62.35582463038732,1.9195014889737032e-06,-4.786751929669125
5y,RET_NASDAQ_MA60,63.162202621858135,3.92911263906735e-08,5.532105622691233
5y,RET_DOW_MA60,17.094971502277392,0.01926039583702761,2.343808135892224
5y,RET_VIX_MA60,-0.5684877320565795,0.29809095180525713,-1.0410152448916359
5y,RET_US10Y_MA60,2.8346093381713926,0.12273349805184648,1.5445557557440592
5y,RET_USDJPY_MA60,-7.278112610691173,0.11850702579689285,-1.5622577669416462
5y,RET_GOLD_MA60,-0.7356363067530833,0.7194007282144441,-0.3593494983685818
5y,RET_TLT_MA60,21.561590013292395,1.312243617748827e-05,4.377387803661028
5y,MRDI_Short,-0.011347617087072744,0.043812071525774196,-2.018143227520826
5y,MRDI_Long,-0.016164321302123117,0.002000365796730202,-3.0973991804900805
5y,MA20_MRDI,-0.007095310066049493,0.0007973065303517279,-3.362829765703101
5y,MA60_MRDI,0.008635301543311654,8.072577932272179e-05,3.9566961849657254
5y,RiskScore,0.17092858259860652,0.0018598866517949397,3.1191032336602973
5y,RET_QQQ_20D,-1.7136888233720897,0.16164411536667034,-1.4004793002033655
5y,RET_SP500_20D,0.026213592860627886,0.9903073023097406,0.012150979839207073
5y,wd_0_x_MRDI_Short,0.0017176024078149666,0.7046337611461373,0.3791687065266244
5y,wd_0_x_MRDI_Long,-0.00720774788290296,0.14062090623199883,-1.4745163619958417
5y,wd_0_x_RET_QQQ,-0.49958010363858546,0.06948968231983142,-1.8169477457930274
5y,wd_0_x_RET_SP500,0.21010845021281424,0.6530396662387354,0.449662930835213
5y,wd_1_x_MRDI_Short,0.0017004012811021314,0.7280054425729836,0.34786614441522
5y,wd_1_x_MRDI_Long,-0.006941240650570182,0.1743255265806095,-1.3592904597403348
5y,wd_1_x_RET_QQQ,-0.3263673726897603,0.22977031796324984,-1.2015994102993364
5y,wd_1_x_RET_SP500,0.014868309730738471,0.9743675463714518,0.03213815482763136
5y,wd_2_x_MRDI_Short,-0.0038712808987024588,0.34273047383147304,-0.9491826926916972
5y,wd_2_x_MRDI_Long,-0.002123118386941393,0.6279754582813895,-0.48471066485448716
5y,wd_2_x_RET_QQQ,-0.22840964174193526,0.40936975602957515,-0.8253098226513363
5y,wd_2_x_RET_SP500,-0.14188197291537016,0.7604328609882836,-0.304986089902978
5y,wd_3_x_MRDI_Short,-0.0012958168430881247,0.7860006497265563,-0.2715720554549269
5y,wd_3_x_MRDI_Long,-0.0045110185206081906,0.3698523721246978,-0.897107689256316
5y,wd_3_x_RET_QQQ,-0.2752586236268636,0.3159074624059514,-1.00334827655232
5y,wd_3_x_RET_SP500,-0.13435506981824272,0.7715788165770436,-0.2903799463065088
5y,wd_4_x_MRDI_Short,-0.009598516679817523,0.03395889582781451,-2.1231389988836824
5y,wd_4_x_MRDI_Long,0.0046188049373766344,0.33355791041224414,0.9673860173113583
5y,wd_4_x_RET_QQQ,-0.384073081413782,0.1535739611309472,-1.4279790182397343
5y,wd_4_x_RET_SP500,0.0774738756835437,0.8645550366500293,0.1706175208528911
5y,m_1_x_RET_QQQ,-0.6186465236552587,0.03387872050182058,-2.124094856160213
5y,m_1_x_RET_SP500,0.07613170829017622,0.8594020574377328,0.17717576140030022
5y,m_2_x_RET_QQQ,-1.302716704598747,2.1302109916375622e-07,-5.219777690575623
5y,m_2_x_RET_SP500,1.395106506387117,0.0009286056122560603,3.3200877247363962
5y,m_3_x_RET_QQQ,-0.939847060465671,5.1290242864787e-06,-4.581492016341152
5y,m_3_x_RET_SP500,1.321900207770167,2.5037856837223722e-05,4.232000265138613
5y,m_4_x_RET_QQQ,1.0301796700001111,0.0005387942958878284,3.4706414669956067
5y,m_4_x_RET_SP500,-1.6461694865881504,3.146662306488215e-05,-4.1795075961632255
5y,m_5_x_RET_QQQ,0.19862442841621614,0.37635336849699585,0.8849839912730056
5y,m_5_x_RET_SP500,0.1259565096684174,0.706674624852003,0.37642088393052686
5y,m_6_x_RET_QQQ,1.1840444987786585,4.1456911465539984e-07,5.09208875339193
5y,m_6_x_RET_SP500,-1.2527046671493682,0.0011793784007822492,-3.252102006230394
5y,m_7_x_RET_QQQ,0.5256236691652605,0.06963899552847382,1.8159742645898873
5y,m_7_x_RET_SP500,-1.152202280623775,0.004601813075611991,-2.839327235167733
5y,m_8_x_RET_QQQ,-0.20474437894346448,0.5778709272077638,-0.5566584613805149
5y,m_8_x_RET_SP500,-0.1816861314628941,0.7210262475574231,-0.3571765841387229
5y,m_9_x_RET_QQQ,0.13088610826479813,0.7183990019709099,0.3606894021450598
5y,m_9_x_RET_SP500,-0.2405070995323025,0.6170730302205458,-0.5001410904301823
5y,m_10_x_RET_QQQ,-1.6590156841047865,1.1122771879103645e-07,-5.341764981525335
5y,m_10_x_RET_SP500,1.5869720893087311,6.43905502277825e-05,4.011153613949529
5y,m_11_x_RET_QQQ,-0.43730972981981536,0.07077647645106412,-1.8086139816798383
5y,m_11_x_RET_SP500,0.683037187023852,0.031644642639915364,2.1515423650932095
5y,m_12_x_RET_QQQ,0.37923288389262727,0.17141257025649648,1.3685473932637728
5y,m_12_x_RET_SP500,-0.6896209502123272,0.05893650028648293,-1.8905752707590133
10y,const,0.061991780846699415,4.727248485002958e-05,4.076364927081982
10y,VIX,0.0031180715993343604,3.54409169208308e-16,8.21236467384218
10y,US10Y,0.017180431085692994,2.987966770868111e-08,5.560982407274584
10y,USDJPY,-0.0010522606453122873,1.2119601841492852e-07,-5.308130112534978
10y,RET_QQQ,0.38941922331572365,0.4950879804414514,0.6823456497458236
10y,RET_SP500,-0.18054163740375426,0.80587989783228,-0.2457725147598285
10y,RET_NASDAQ,-0.4778914458683541,0.4901559391105773,-0.6901697153172125
10y,RET_DOW,0.13637126222696105,0.7445099547439352,0.3259253979090608
10y,RET_VIX,-0.035118415225327264,0.06558064296191832,-1.8421437007776114
10y,RET_US10Y,0.08120408346345548,0.21775182332603854,1.2328601949183224
10y,RET_USDJPY,0.08970423242800063,0.6133595652567578,0.5053515367206031
10y,RET_GOLD,0.0024834971207509907,0.9833067697042588,0.020925625554698853
10y,RET_TLT,0.3296903422382708,0.08177889427395443,1.7412063422709907
10y,RET_QQQ_MA20,28.220114801129526,0.09895974106964636,1.6505745142286028
10y,RET_SP500_MA20,-36.46304274567143,0.07076413620888404,-1.8078122319959744
10y,RET_NASDAQ_MA20,23.103952582089246,1.055441664096698e-07,5.3335888251947035
10y,RET_DOW_MA20,5.837555564588013,0.02562595431749646,2.2332613676853983
10y,RET_VIX_MA20,-0.06424167416865588,0.6744841503715828,-0.42005459891225844
10y,RET_US10Y_MA20,-1.236022940275307,0.024507241543419798,-2.250539872966067
10y,RET_USDJPY_MA20,2.7412432295013693,0.04790853192910134,1.9792182194538332
10y,RET_GOLD_MA20,1.3815147717813412,0.08432120658299366,1.7268802147923932
10y,RET_TLT_MA20,-2.537327825237453,0.08369734250365578,-1.730362976592492
10y,RET_QQQ_MA60,-15.726566407255955,0.020369922131096816,-2.321046112591622
10y,RET_SP500_MA60,-27.049017469583035,0.0007295560173904612,-3.3827112960733428
10y,RET_NASDAQ_MA60,26.52083965252919,0.0004611617616283952,3.5073292881427798
10y,RET_DOW_MA60,4.636279677419579,0.32144366250716905,0.9917057517170746
10y,RET_VIX_MA60,-1.6226332798587382,3.7178376240468887e-09,-5.918896455408341
10y,RET_US10Y_MA60,4.395015549460366,0.0003099551111209591,3.6122425674223946
10y,RET_USDJPY_MA60,-7.316707155658948,0.0054352699588290174,-2.782632899787843
10y,RET_GOLD_MA60,0.8472933971872414,0.5812641059076527,0.551616086323234
10y,RET_TLT_MA60,17.899421822234654,1.8027190005786982e-07,5.234398613779942
10y,MRDI_Short,-0.005758427010838054,0.10456411064822926,-1.6237491134938637
10y,MRDI_Long,-0.008673149753262043,0.011237843040818003,-2.537228790860791
10y,MA20_MRDI,-0.0017234879805824797,0.2244432820932865,-1.2151191774474337
10y,MA60_MRDI,-0.0014377583238125513,0.33304622289715013,-0.9681967394196259
10y,RiskScore,0.07791464832068969,0.02868613002694316,2.1891270265284786
10y,RET_QQQ_20D,-1.8801721088659742,0.0036485788798090953,-2.9099867015972842
10y,RET_SP500_20D,1.09708275685274,0.13925810608412958,1.479063106467239
10y,wd_0_x_MRDI_Short,-0.0027613668078637532,0.2580086065649782,-1.1313860914595884
10y,wd_0_x_MRDI_Long,0.0007377053114860539,0.7385081797793862,0.33386921536191927
10y,wd_0_x_RET_QQQ,-0.37122200782041875,0.022329456902795017,-2.286236356866874
10y,wd_0_x_RET_SP500,0.19338589997289068,0.32376963451160934,0.9869491784376193
10y,wd_1_x_MRDI_Short,-0.00010007699908380421,0.967276371055735,-0.04102888375456147
10y,wd_1_x_MRDI_Long,-0.0037401104406291695,0.08616299166179782,-1.7167186098463096
10y,wd_1_x_RET_QQQ,-0.35705344547830326,0.02599490357360819,-2.2277061008961607
10y,wd_1_x_RET_SP500,0.22149218141140167,0.2370604861458337,1.182669180269423
10y,wd_2_x_MRDI_Short,-0.0014595908795420908,0.5507793407803893,-0.5966791802630229
10y,wd_2_x_MRDI_Long,-0.0014840743370173343,0.543111751269764,-0.6082032198284909
10y,wd_2_x_RET_QQQ,-0.3775033305059913,0.017362548223451076,-2.3806334293539564
10y,wd_2_x_RET_SP500,0.2198214034065408,0.24218603565435434,1.1698363115204955
10y,wd_3_x_MRDI_Short,-0.002080810141909685,0.4578675433188436,-0.7424859071068829
10y,wd_3_x_MRDI_Long,-0.00037463632512759485,0.8952251049947721,-0.13170987157679542
10y,wd_3_x_RET_QQQ,-0.39595411524932866,0.012773774202232644,-2.491932552291997
10y,wd_3_x_RET_SP500,0.24542907219607252,0.20012932493498606,1.2815450158853472
10y,wd_4_x_MRDI_Short,0.0006434178592957525,0.8045631911389097,0.24747392277321328
10y,wd_4_x_MRDI_Long,-0.003812034067833802,0.12974378645948711,-1.5156468898837725
10y,wd_4_x_RET_QQQ,-0.378439209812757,0.01815583696456747,-2.364087401271326
10y,wd_4_x_RET_SP500,0.21695419986558548,0.24736520965224185,1.1570619284025299
10y,m_1_x_RET_QQQ,0.49887139727654894,0.018391757176163013,2.359288970812838
10y,m_1_x_RET_SP500,-0.7362141561093309,0.008129290847076103,-2.6489184522542772
10y,m_2_x_RET_QQQ,-1.1307326433627802,8.345306585820126e-12,-6.8674641046741405
10y,m_2_x_RET_SP500,1.0089823472474804,1.3166665935645368e-05,4.366642328613721
10y,m_3_x_RET_QQQ,-0.3685019726235147,0.015740385102406038,-2.4166447612090565
10y,m_3_x_RET_SP500,0.09861108001048831,0.5899439186571018,0.5389916399906313
10y,m_4_x_RET_QQQ,0.3459105926611034,0.0715235204076694,1.8029576751783112
10y,m_4_x_RET_SP500,-0.6953328374089948,0.0019038940670578959,-3.1083630553887285
10y,m_5_x_RET_QQQ,-0.042641470187898156,0.7974433209615841,-0.2566865624275278
10y,m_5_x_RET_SP500,0.32005100242640866,0.1709083884458341,1.3697117077030334
10y,m_6_x_RET_QQQ,0.3642141760699109,0.023306095135058776,2.269870291802713
10y,m_6_x_RET_SP500,-0.23601441537937556,0.3017109595913727,-1.032999429306152
10y,m_7_x_RET_QQQ,0.27536097701201745,0.10620077273543846,1.6161313600185583
10y,m_7_x_RET_SP500,-0.6169594866626562,0.008928219479739288,-2.6169825450571196
10y,m_8_x_RET_QQQ,-0.5568716678029856,0.009581083407131572,-2.592729435369019
10y,m_8_x_RET_SP500,0.14917602377047656,0.6130715793141822,0.5057617393756418
10y,m_9_x_RET_QQQ,-0.20749807890775082,0.42633971126187087,-0.7956096088687604
10y,m_9_x_RET_SP500,0.43088530913262696,0.16994782839470388,1.3727945462197262
10y,m_10_x_RET_QQQ,-0.5276331340430739,0.020547688448237005,-2.3177705210802437
10y,m_10_x_RET_SP500,0.6047835886024021,0.026808488274800618,2.215693003892059
10y,m_11_x_RET_QQQ,0.2321264962943695,0.1793083569196792,1.3432901409403828
10y,m_11_x_RET_SP500,-0.08588820309319428,0.6923987018765239,-0.3956508500322511
10y,m_12_x_RET_QQQ,-0.7627767812460906,0.00026244990668550195,-3.655389103757745
10y,m_12_x_RET_SP500,0.8550025043157383,0.0002703317022504155,3.6477478921738293
