date,asset,actual_return,predicted_return,phase,as_of_date
2026-10-05,QQQ,0.00883160565417529,,actual,2026-10-09
2026-10-06,QQQ,0.004575457394402571,,actual,2026-10-09
2026-10-07,QQQ,-0.0025406007213888415,,actual,2026-10-09
2026-10-08,QQQ,-0.013395224737745237,,actual,2026-10-09
2026-10-09,QQQ,0.004935929742705847,,actual,2026-10-09
2026-10-05,SOX,0.0027457729176811885,,actual,2026-10-09
2026-10-06,SOX,0.0034222247856494636,,actual,2026-10-09
2026-10-07,SOX,-0.011474654541306362,,actual,2026-10-09
2026-10-08,SOX,-0.03386157486790853,,actual,2026-10-09
2026-10-09,SOX,-0.004062992513390373,,actual,2026-10-09
2026-10-05,SP500,0.006633670396382074,,actual,2026-10-09
2026-10-06,SP500,0.005785987733221143,,actual,2026-10-09
2026-10-07,SP500,-0.0021946936299741537,,actual,2026-10-09
2026-10-08,SP500,-0.004666909708803235,,actual,2026-10-09
2026-10-09,SP500,0.0059469460004828445,,actual,2026-10-09
2026-10-12,QQQ,,-0.0008390494041588988,forecast,2026-10-09
2026-10-13,QQQ,,0.0023255664527692833,forecast,2026-10-09
2026-10-14,QQQ,,-0.0010369340417692107,forecast,2026-10-09
2026-10-15,QQQ,,-0.0018883009257888578,forecast,2026-10-09
2026-10-16,QQQ,,-0.003884130206847538,forecast,2026-10-09
2026-10-19,QQQ,,-0.0044267038324156145,forecast,2026-10-09
2026-10-20,QQQ,,-0.0023971850483624733,forecast,2026-10-09
2026-10-21,QQQ,,0.0012592095384060427,forecast,2026-10-09
2026-10-22,QQQ,,0.0047245947070058535,forecast,2026-10-09
2026-10-23,QQQ,,0.0038819621461540083,forecast,2026-10-09
2026-10-12,SOX,,-0.002149855434393177,forecast,2026-10-09
2026-10-13,SOX,,0.004988087269722676,forecast,2026-10-09
2026-10-14,SOX,,-0.005723512057134314,forecast,2026-10-09
2026-10-15,SOX,,-0.0055866525282008,forecast,2026-10-09
2026-10-16,SOX,,-0.008656584015751465,forecast,2026-10-09
2026-10-19,SOX,,-0.00955592728691349,forecast,2026-10-09
2026-10-20,SOX,,-0.00513746367979237,forecast,2026-10-09
2026-10-21,SOX,,0.001529155759465703,forecast,2026-10-09
2026-10-22,SOX,,0.009763599185806382,forecast,2026-10-09
2026-10-23,SOX,,0.00760604157639181,forecast,2026-10-09
2026-10-12,SP500,,-0.0017321239178374219,forecast,2026-10-09
2026-10-13,SP500,,-0.0005241179492245134,forecast,2026-10-09
2026-10-14,SP500,,-0.0016876374496067083,forecast,2026-10-09
2026-10-15,SP500,,-0.002141486218334928,forecast,2026-10-09
2026-10-16,SP500,,-0.0033783705946501767,forecast,2026-10-09
2026-10-19,SP500,,-0.003441863857908232,forecast,2026-10-09
2026-10-20,SP500,,-0.0017264390415732724,forecast,2026-10-09
2026-10-21,SP500,,-1.1112962212756275e-05,forecast,2026-10-09
2026-10-22,SP500,,0.0027307065809390532,forecast,2026-10-09
2026-10-23,SP500,,0.0018785128109277051,forecast,2026-10-09
