market_date,prev_market_date,week_avg_from,week_avg_to,Item,Latest,Δ vs Yesterday,% vs Yesterday,Δ vs LastWeekAvg,% vs LastWeekAvg,Percentile
2026-10-07,2026-10-06,2026-10-01,2026-10-07,QQQ,757.73,-1.93,-0.25,4.69,0.62,
2026-10-07,2026-10-06,2026-10-01,2026-10-07,SOX,13066.1494,-151.6709,-1.15,-18.3266,-0.14,
2026-10-07,2026-10-06,2026-10-01,2026-10-07,SP500,7801.77,-17.1602,-0.22,45.0059,0.58,
2026-10-07,2026-10-06,2026-10-01,2026-10-07,NASDAQ,27538.6914,-61.0977,-0.22,203.0414,0.74,
2026-10-07,2026-10-06,2026-10-01,2026-10-07,DOW,51179.8711,-341.4102,-0.66,-34.643,-0.07,
2026-10-07,2026-10-06,2026-10-01,2026-10-07,VIX,15.08,0.07,0.47,-0.382,-2.47,
2026-10-07,2026-10-06,2026-10-01,2026-10-07,US10Y,5.277,0.008,0.15,0.0028,0.05,
2026-10-07,2026-10-06,2026-10-01,2026-10-07,USDJPY,158.296,0.333,0.21,0.4004,0.25,
2026-10-07,2026-10-06,2026-10-01,2026-10-07,RiskScore,0.395,0.1013,34.47,0.0292,7.99,
2026-10-07,2026-10-06,2026-10-01,2026-10-07,MRDI_Short,1.9295,0.3342,20.95,-0.0195,-1.0,
2026-10-07,2026-10-06,2026-10-01,2026-10-07,MRDI_Long,1.9558,0.641,48.76,0.2861,17.14,
2026-10-07,2026-10-06,2026-10-01,2026-10-07,MA20_MRDI,2.948,,,,,46.1
2026-10-07,2026-10-06,2026-10-01,2026-10-07,MA60_MRDI,3.521,,,,,50.1
