week,QQQ_1M_shock_score,QQQ_1W_shock_score,SP_1M_shock_score,SP_1W_shock_score
2011-04-25,,1.3877852950955636,,1.6464905430869377
2011-05-02,,1.4044291628771333,,1.5968990950507465
2011-05-09,,1.3159261881085011,,1.5433838900154686
2011-05-16,,0.9425564962598572,,1.4313894609538975
2011-05-23,,0.875883076945282,,1.4029443826551595
2011-05-30,,0.7708038936363041,,1.3223010421424775
2011-06-06,1.971019886593545,0.03876735305403132,2.0694616379366493,1.1360133014269376
2011-06-13,1.9349392100446532,0.17707193272900829,2.023522860116297,1.0976536384982352
2011-06-20,1.883441325343958,0.168467941911022,1.9846448076929621,1.0575431903390455
2011-06-27,1.8105298641451553,0.009757807011146483,1.9056302641748002,1.1561822121438396
2011-07-04,1.6910978193562396,0.06335415421751232,1.8062637803293735,1.1135741333542244
2011-07-11,1.6016732227511108,0.4911239283335451,1.7227966363650007,0.9995855588605459
2011-07-18,1.5398691711394221,0.08773169379342208,1.6620024745041606,1.210503272827817
2011-07-25,1.494071405404812,0.30914572790769895,1.6666024300590265,1.0755163651993096
2011-08-01,1.5473527543787853,1.3055992061990513,1.7469860734826617,0.8247272015484888
2011-08-08,1.6087430004626158,0.6728089124073097,1.8122362007893191,1.3339625674197726
2011-08-15,1.7306373919885607,1.1784164169282212,1.927322367141956,1.8513694892245638
2011-08-22,1.7572879891382656,0.008033517948654494,1.926169173997901,2.0986260949000557
2011-08-29,1.8024138436527122,0.04018225071214814,1.9271669683593515,2.11481271471859
2011-09-05,1.7976794922098824,0.8223177428029458,1.8921286918288418,1.7822268886618375
2011-09-12,1.6703160353776374,1.970769169798743,1.7546831515538102,1.476461883408748
2011-09-19,1.6558502703179356,2.1603818174718206,1.745891098732565,1.2248155545953896
2011-09-26,1.1581068841421713,4.536985367517467,1.2755522373227381,2.2879223906832484
2011-10-03,1.248737656261369,2.0559249786315466,1.350992660895677,0.26562519241166543
2011-10-10,1.326027036717236,1.7224902637260977,1.3820577789136839,0.28024436701859884
2011-10-17,1.3944794939314515,2.3446892512540733,1.3794014183734167,0.428417743281766
2011-10-24,1.364943805753236,2.231397127486357,1.3209096043614812,0.5598925502558103
2011-10-31,1.461683705918246,2.387947010534092,1.4017034120816612,1.181224774020943
2011-11-07,2.0195767458242826,2.1011483754225013,1.7946440285153955,1.0704586598020693
2011-11-14,2.0651312765064427,2.1602230490468037,1.9055140312335455,1.3802946153214413
2011-11-21,2.3997993037013834,2.189480097552996,2.201769179468588,1.5866079368600094
2011-11-28,2.2341407109968086,1.9005608245895564,2.066759278680767,1.1177643973801283
2011-12-05,2.0653491130860426,1.721986501429722,1.9373544580252924,0.9306973352645862
2011-12-12,1.8988653645742781,1.6748821686902222,1.7905955348930687,0.99102916593957
2011-12-19,1.5877858417838548,1.5795123790375103,1.5139475359930215,0.7627564578709877
2011-12-26,1.5944193223603023,1.5947263404763925,1.5282309336248703,0.8951016709172789
2012-01-02,1.5953135999552395,1.4489933665525982,1.5489246809201198,0.7386818425915648
2012-01-09,1.4273096517904964,1.3602834714752963,1.3742919122231927,0.5949985256337842
2012-01-16,1.455832911366111,1.3375386972130936,1.4253317329097428,0.5128131257344021
2012-01-23,1.5172221375990298,1.3447411224455121,1.5095979211809571,0.5537210719105293
2012-01-30,1.4342168814522698,1.3271551823606569,1.4423660512376357,0.5193991377776956
2012-02-06,1.397308561518984,1.2532988200911066,1.4410388270758014,0.37471377950695295
2012-02-13,1.388413829733273,1.176584969574218,1.4605148565658854,0.24273756230285828
2012-02-20,1.4250170185810005,1.0339493333742118,1.5094884913111566,0.013835027430475938
2012-02-27,1.4102619182166694,0.8939223857699256,1.507887220062653,0.34102623201615245
2012-03-05,1.3969743851819338,0.859766990855443,1.500686029582671,0.5685908212180846
2012-03-12,1.3977080986522628,0.6461241708957254,1.4870130315375105,1.3103467668286413
2012-03-19,1.3783349926110826,0.41972411413004607,1.4712174786573702,2.107792331104003
2012-03-26,1.3779043024575512,0.3624882159524417,1.4774213615037903,2.263814187849813
2012-04-02,1.386615813224089,0.5033985181304435,1.4672199916331075,1.7155714280784748
2012-04-09,1.4674073277441528,0.3600009232950097,1.5335057149554099,1.9244329028755827
2012-04-16,1.4867092200488443,0.028278209857267506,1.5355083940449374,2.1976632478114624
2012-04-23,1.5615694881736613,0.7081266507515841,1.5743333103275112,2.504846554388726
2012-04-30,1.6721390171541681,0.8731012145991838,1.64006257951812,2.299188916433486
2012-05-07,1.6101778463425451,1.447876420440567,1.5800624279293363,2.261343662673715
2012-05-14,1.5521619329425593,1.3480712795669645,1.5362056694984132,1.9386579443130398
2012-05-21,1.5057619414260797,1.5267700059686984,1.48465971961099,1.951836350063199
2012-05-28,1.4866497983397884,1.1616717915428358,1.4749271700995041,1.6890573592758
2012-06-04,1.5652069132345858,1.0345084400344229,1.5528545945736454,1.6013110894766729
2012-06-11,1.6181318673457306,0.5151034570595759,1.5942449039544255,1.4076411302701115
2012-06-18,1.6592669004260072,0.46524720931153213,1.6405098470870407,1.2721670950739934
2012-06-25,1.6369356576729686,0.9725051409368347,1.6153123908204388,1.4805488217613896
2012-07-02,1.6782783120294347,0.5788399501952646,1.6628974488695123,1.2695430472085494
2012-07-09,1.7432523336391026,0.5250146584512554,1.7317509226458838,1.3091345261424976
2012-07-16,1.816615194542396,0.5253841648939278,1.7745597944282046,1.2705070454146272
2012-07-23,1.8870018182608723,0.33793847996129694,1.8608193526058123,1.2632220823120166
2012-07-30,1.899249133908177,0.38326952309993884,1.87579156856824,1.3153507874323314
2012-08-06,1.8704640965552928,0.5398109336969057,1.8669555610150232,1.401143629045069
2012-08-13,1.82926629865911,1.0594785491646876,1.8537267100319832,1.5333939463677353
2012-08-20,1.8061918436221696,1.9809417315062694,1.8594151893183097,1.7753763381043712
2012-08-27,1.7563046901393342,3.02475334066822,1.8312459522173001,2.085620474415631
2012-09-03,1.7249985969130148,3.4397039745767826,1.8027083422854062,2.4968063198552937
2012-09-10,1.7074529118719854,2.901689858250782,1.7880702030385551,2.4112288033799225
2012-09-17,1.6648303697607096,2.6177016988265196,1.731884112521121,2.2872746241178104
2012-09-24,1.6376440529018472,2.490341554718685,1.66975328483176,2.2814709933302075
2012-10-01,1.6134353831310067,2.4661429310644123,1.6078577867546018,2.308249735936789
2012-10-08,1.622570303993069,2.1365488880691066,1.5549720826742452,2.141688963151394
2012-10-15,1.6395405017984985,2.0069781625834717,1.5244257853346346,2.1112490527576764
2012-10-22,1.6130465276603165,1.8811329391833358,1.4955006485783824,1.980639578167325
2012-10-29,1.599933960609923,1.6423039550867773,1.4766549982136539,1.803641199117264
2012-11-05,1.58742719521323,1.4116139063039799,1.456861877125612,1.5940922767074384
2012-11-12,1.5925348634065717,1.2669123662511967,1.457982632730318,1.4910821493957302
2012-11-19,1.5622865535147499,1.33623457284518,1.4234258689457755,1.5609781253035344
2012-11-26,1.5168827351304441,1.38884878727628,1.3898332417815948,1.5996536439897582
2012-12-03,1.5104897574665432,1.2491251623097006,1.390502573065949,1.5238846918863063
2012-12-10,1.502139211355853,1.1739430717858355,1.3733868557354185,1.4627141770937238
2012-12-17,1.4994151675009635,1.0441031976660529,1.369151681712087,1.3586668823569086
2012-12-24,1.570346308497723,0.8629990395775013,1.4612355313205623,1.2215274323771568
2012-12-31,1.5551806205289513,0.8515727117713086,1.4793132896769206,1.2441763617965742
2013-01-07,1.6216708176049583,0.7989808068808317,1.5868084886320193,1.196947206999198
2013-01-14,1.6717370816835466,0.6315112739062233,1.6593677307950472,1.1203598548467435
2013-01-21,1.7039847225939393,0.5040390924805012,1.7032007597880923,1.0870758047230447
2013-01-28,1.7132794235486781,0.5489300934301183,1.7472914165947753,1.124726657747551
2013-02-04,1.706906906264828,0.4870307934159832,1.7503951856694386,1.1202943844841649
2013-02-11,1.6944736493703998,0.4866738104223788,1.7523517044219787,1.1501765512052815
2013-02-18,1.6469562318937343,0.8152293532286273,1.7137982820508308,1.3156541374385466
2013-02-25,1.6191498389035948,1.0247757255695111,1.671282625350731,1.4090626109671023
2013-03-04,1.6117104278496859,1.3428772102015767,1.659938360826212,1.570869401080281
2013-03-11,1.644918829730594,1.8448981967272542,1.6799009973645944,1.7540097536256887
2013-03-18,1.6608991151182584,2.1253316580961537,1.6599030483686246,1.7902567313194193
2013-03-25,1.6837107935488067,1.7984428883175483,1.6918906160373106,1.7400244322673313
2013-04-01,1.667053952995341,1.0941535586380473,1.6979315644012993,1.567111844645618
2013-04-08,1.6300450334848724,2.08032134362748,1.6673304543363867,1.8449716436411951
2013-04-15,1.6188167514096132,2.1600956476522772,1.6699926561461338,1.8732506526106263
2013-04-22,1.6013810622276212,1.9155771499123193,1.680620281627194,1.791251260110293
2013-04-29,1.514210146200132,2.2921251821466084,1.611811273983701,1.8432100555234272
2013-05-06,1.45964323838943,2.3557285546053888,1.5611351248922416,1.8603420661783905
2013-05-13,1.3602058017850642,2.561829386569299,1.469968274645105,1.948448559920166
2013-05-20,1.3287314482097474,2.4882268329984645,1.4518236291827986,1.8768876684521743
2013-05-27,1.434069102301008,2.365175287295743,1.5752280425519263,1.7768882297480495
2013-06-03,1.4540929432236849,2.14596841559457,1.625457495330517,1.6854648787297795
2013-06-10,1.5607943278688974,1.927966579970816,1.7305514349080453,1.5731655983059498
2013-06-17,1.6441043107476612,1.7247004951872391,1.803505307119338,1.4614753672814202
2013-06-24,1.627010225855893,1.7765006259629244,1.767760876879649,1.4664326347553482
2013-07-01,1.5502683211548067,1.1988623868257997,1.6701561562124831,1.1179580363919965
2013-07-08,1.4664238564837517,1.3939303742859452,1.5773130708226228,1.2343157855742082
2013-07-15,1.3535713926156914,1.290303204286893,1.4378070177403064,1.2671564039083065
2013-07-22,1.2341956136994239,1.534087466055739,1.2935965372336489,1.3665155296737792
2013-07-29,1.1272011878863077,1.9733765569145592,1.1783576354434937,1.6150020432681031
2013-08-05,1.0586710568504771,2.142874358729485,1.1009375548138591,1.7582015465844039
2013-08-12,1.0149719317805044,2.188633587869731,1.0266966908306308,1.8370172614525886
2013-08-19,0.9282339017818239,2.144403545767065,0.9811140976320637,1.8920117729395716
2013-08-26,0.9015866614615472,2.1004985514868983,0.9605681511501412,1.969174279036645
2013-09-02,0.8575277672478845,2.1543702395540447,0.9398393736059221,2.05676960060976
2013-09-09,0.6764614426809198,2.139372914578932,0.8583248805333478,2.1296211313627023
2013-09-16,0.5325688125555454,2.0818884646637263,0.7831730975932838,2.1332226207055696
2013-09-23,0.46499974767254515,1.9917886545634098,0.7452490136045838,2.027439922220912
2013-09-30,0.33426060064997215,1.9679948043038027,0.6938619953804611,2.0166161044724085
2013-10-07,0.05627512387671242,1.8837375135798795,0.41394586991955307,1.9729032369038875
2013-10-14,0.20968036270635954,1.8934568235637959,0.30584853820312585,1.9692676538837097
2013-10-21,0.1695663117177789,1.8730602108892005,0.36354548583810253,1.9376660908828125
2013-10-28,0.2776165124728806,1.876803417154686,0.31777103707854504,1.9151252195286395
2013-11-04,0.24158094884399092,1.834070139742175,0.3417591439174684,1.890503686361349
2013-11-11,0.0820673975845621,1.8212326027023662,0.49511986562104665,1.8583754709152887
2013-11-18,0.025502659782538923,1.7011746457082801,0.7268160496408652,1.7387959424777772
2013-11-25,0.3601400636901592,1.6020974982198872,1.4518515183258502,1.6224684092677393
2013-12-02,0.5519135878408084,1.4719177895364584,2.3789129618491023,1.4989447289153943
2013-12-09,0.7890003608486409,1.337817609005639,2.92851043634065,1.3609827244904054
2013-12-16,0.6923884204781942,1.3232024331788927,2.702945087016587,1.3476099469264458
2013-12-23,0.9899152920317538,1.2998814625411328,2.6460107757141103,1.323097946919124
2013-12-30,1.3476441364415062,1.1867725125967505,2.5553247193171624,1.2403298379260421
2014-01-06,1.7685821432975135,1.0970703409951712,2.4703184186187976,1.1722045300843302
2014-01-13,2.1475044747757153,1.129897254173988,2.4368849642560346,1.1842687405002617
2014-01-20,2.706482619076112,1.186046864121254,2.6391255541834346,1.1894991338313965
2014-01-27,2.8105529632775257,1.1876278379625875,2.6092969255814453,1.2082426781919409
2014-02-03,2.6495020548381514,1.328155509398595,2.4285805306989428,1.3207036166541275
2014-02-10,2.600920996190768,1.5954563309317482,2.3478516750988065,1.531499175740855
2014-02-17,2.3271485565726677,1.6738574969248043,2.1344989222301045,1.5576454062783633
2014-02-24,2.0931971637461175,1.781158783643577,1.9181866656008808,1.6391235978179608
2014-03-03,2.012802280903085,1.7909622593074046,1.8100703014874384,1.6803490383925805
2014-03-10,1.8839010465996073,1.3226336577672528,1.7015582786040693,1.2833357561230103
2014-03-17,1.8008643059560052,1.1100681898733602,1.623497764341922,1.1259810171700606
2014-03-24,1.9736001281096471,0.8386084683566754,1.7312309874051308,0.9566473969091203
2014-03-31,2.053203207384661,0.7702763946838004,1.7827829327110662,0.9643802390822783
2014-04-07,1.9934512167389185,0.39564777491920183,1.7366883146990117,0.6500750192042758
2014-04-14,1.8979178265587198,0.5358172064249274,1.6653955078804712,0.7682239532399501
2014-04-21,1.6843310714595165,0.6791506477633422,1.4996259127032747,0.8534580492260943
2014-04-28,1.505175855739299,0.7923882309760116,1.363157921643622,0.9798936403278494
2014-05-05,1.4413623538436686,0.8222700801178643,1.3031190069386553,1.142911658217836
2014-05-12,1.3485585681118513,1.0270747467745291,1.248089271623857,1.3353474535082155
2014-05-19,1.2404621653962016,1.135224425624743,1.2201503701722303,1.4547755083912215
2014-05-26,1.2056723606690103,1.3512599613169531,1.2480654159401892,1.6632340236724068
2014-06-02,1.232394308181658,1.7157047060491017,1.3404094798407669,1.9729893256373516
2014-06-09,1.247767330082425,1.839995918595193,1.4057153023430804,2.058657574985852
2014-06-16,1.3697338555788685,1.8750768604501287,1.539104383173133,2.104695609202784
2014-06-23,1.5009121727317005,1.8441902403493822,1.682202303706876,2.003151203334381
2014-06-30,1.6237953488365382,1.8918969267238828,1.8202207750609638,1.9798114621913958
2014-07-07,1.8251318302999238,1.9494744283732155,2.0451906757189127,1.9580430069526573
2014-07-14,1.9980731138882786,2.1209374671703043,2.2380649100600647,2.0625781784232533
2014-07-21,2.1231024538947465,2.2983815807091745,2.324316401215765,2.1388638884766653
2014-07-28,2.206968072978395,2.1826882940660655,2.3545750610940237,2.005247546184415
2014-08-04,2.1632605168587937,2.1655222782126233,2.2555779635041793,1.9886977233855556
2014-08-11,2.0885555989786466,2.1918547280323075,2.125374697008599,2.0103830655323134
2014-08-18,1.9554509337700958,2.114293761705746,1.9761512928050213,2.003643641668637
2014-08-25,1.8252885203952587,2.1471626539903834,1.8292186438176488,2.0157148128350855
2014-09-01,1.7389115201130654,2.1227288445042407,1.7325110832566097,1.9807246005501957
2014-09-08,1.702606441640702,2.043389563702857,1.6716517292673372,1.909270193450704
2014-09-15,1.6656333199073197,1.9411175130826461,1.613306417770276,1.8466548066081632
2014-09-22,1.6044739810704591,1.744792536235069,1.5611278272129765,1.6502904885314016
2014-09-29,1.5566597684730374,1.599680251105225,1.519466500298188,1.514364264325728
2014-10-06,1.6028864287502251,1.454571193843704,1.5592460700740673,1.3801612062075592
2014-10-13,1.6596928989024236,1.3915492978090613,1.6047851392697405,1.3361839733120766
2014-10-20,1.5936722461356343,1.4993536796317881,1.5610190680655331,1.5198611570618543
2014-10-27,1.4694566760906054,1.4284888134431697,1.4621833691620876,1.450264577843855
2014-11-03,1.3584598612108494,1.4819607314301397,1.3527106411129148,1.5259189462686014
2014-11-10,1.238955575251372,1.5504330394978214,1.2590359998840355,1.5730482920985978
2014-11-17,1.228555378520364,1.4984773974265972,1.2442223187499657,1.5896474133404452
2014-11-24,1.2402660543292563,1.4766148595009634,1.2747449340003403,1.53376568871768
2014-12-01,1.4997414664869633,1.4033122831389293,1.5207122201087788,1.4879291325056683
2014-12-08,1.5875681866185511,1.3845763613864472,1.5984597801764155,1.4097679527238025
2014-12-15,1.601412423449272,1.4686122139097064,1.6339762170272527,1.5236341458300335
2014-12-22,1.6606489139686222,1.521629636550991,1.6624258245285735,1.578818957161299
2014-12-29,1.7726148187284205,1.438292673706868,1.742525822363013,1.4960256952508502
2015-01-05,1.7977894147130316,1.3537401221694643,1.7470614544916756,1.3721992321259067
2015-01-12,1.8484859573261772,1.2291157273842865,1.7907831154578908,1.2965180962234384
2015-01-19,1.8890381433520889,1.222190748194788,1.8555424456487002,1.2841379278553997
2015-01-26,1.8948261057827,1.18281174757682,1.8781764544814752,1.2574738795288187
2015-02-02,1.7859205351817686,1.2758475057471321,1.7682767962996009,1.4007851244883358
2015-02-09,1.7434418744722129,1.5289984619734218,1.7472413677950653,1.5743393941202133
2015-02-16,1.5886417411867553,1.5412546544705807,1.6055841555884207,1.5511414286320686
2015-02-23,1.5371388319809716,1.5063830673980623,1.5746650914417883,1.4077340578953474
2015-03-02,1.5089045884515249,1.4350593794906996,1.5541162289503103,1.2702216575722516
2015-03-09,1.5495307913905347,1.4182983793404185,1.607922259582144,1.2564719553652506
2015-03-16,1.488588088491364,1.4949428287361026,1.5685435404304664,1.2950504047858054
2015-03-23,1.5143652646445653,1.2584440062977271,1.603635497694871,1.0941618319734039
2015-03-30,1.4845816598498105,1.431123746300668,1.5599607991523337,1.2842839180096073
2015-04-06,1.3596620893892486,1.4980208496312069,1.4224665660136917,1.3440193652889958
2015-04-13,1.2671010140885228,1.6103926527135368,1.3221820142975618,1.5162097739811118
2015-04-20,1.0854701449431312,1.9907842328210181,1.125343119619139,1.8474089984934412
2015-04-27,1.0021223698931407,1.8941114260371608,1.0059280811984923,1.852110817052885
2015-05-04,0.9837262949604572,2.135104628917075,0.9663481069716009,2.14536591475859
2015-05-11,0.95532513670975,2.1238969347101575,0.9674313403493331,2.1399570050538856
2015-05-18,0.9819726648854884,2.0475358648239497,0.9739820716750577,2.0493381053681987
2015-05-25,1.0407960286772038,1.9847834419925923,1.0602736494087337,1.9702075824167669
2015-06-01,1.0493541637462414,1.985120296554194,1.1204718740042527,1.9443670435685378
2015-06-08,1.0703772184448062,1.8776971408472038,1.1674501095116887,1.8899509616088412
2015-06-15,1.0412200419578452,1.7955092562142663,1.1842611282926767,1.7922276264526784
2015-06-22,1.020904891625579,1.6995021256674019,1.1878775218079367,1.6960031102139406
2015-06-29,0.9596718868091796,1.681103469836783,1.1727220479968732,1.6727801032617957
2015-07-06,0.8946306513892733,1.6363842047775585,1.1445810130043148,1.6744159080651069
2015-07-13,0.6813572935015018,1.7981937091388986,1.0443923051049304,1.8046838919514272
2015-07-20,0.9037487966792603,1.7482888922030393,1.2781252772021954,1.7738698988387798
2015-07-27,0.9236122216284167,1.85571840344211,1.3319350941189716,1.862042709719201
2015-08-03,1.0192760982918405,1.7711190161429446,1.3849972231566126,1.795953993425827
2015-08-10,1.3601078755071279,1.8411380466298526,1.4990136719784097,1.859849843284019
2015-08-17,1.2656501071981043,1.7069714093720625,1.4976766172515534,1.7068868453258712
2015-08-24,1.7917195827434664,1.769967114371723,1.8162070341835104,1.7284330916248354
2015-08-31,2.275003558867828,2.0581910516907596,2.088758423168201,2.2270221416368523
2015-09-07,2.5243605733633676,2.096064388931005,2.206223412265617,2.2177734932116056
2015-09-14,2.1511822778869707,2.22523506452753,2.111580066143409,2.2303426068939913
2015-09-21,2.1387147312189887,2.059856392386538,2.0678117061872157,2.1005838816303704
2015-09-28,2.131900043576027,2.1047236381039927,2.0393696385701583,2.1576241367993094
2015-10-05,1.9682405141013193,1.2308639539073654,1.8554738000807163,1.2277090232587577
2015-10-12,1.0753451261734126,1.1997703847170862,0.20618467510320382,1.2399500837646567
2015-10-19,1.3666023119665458,1.2733389398061943,0.16227882294932644,1.2953680420907443
2015-10-26,0.3060398624896381,1.3169996492467768,0.4486385642869262,1.3380851292726175
2015-11-02,0.7681934128288568,1.292928180309606,1.173032157806455,1.323502880302751
2015-11-09,0.6743534720628602,1.208384596649416,1.3477436359192294,1.2150511880322603
2015-11-16,2.5826458949561273,1.3592794789485592,2.324694896005339,1.3159211558370443
2015-11-23,2.4788951098103156,1.3952538585581713,2.338744772793532,1.3555253676572172
2015-11-30,2.1604593617008403,1.3005024102408103,2.1651714956571637,1.2411412483546505
2015-12-07,2.0256647803259082,1.2348203497224532,2.1137760828182346,1.169652738610882
2015-12-14,1.7567035573323015,1.2558163077349518,1.9797720984728884,1.2014164416364357
2015-12-21,1.583732715573197,1.3146304789460246,1.779133498840854,1.2818476686008553
2015-12-28,1.5966414274129472,1.4207229131521721,1.695715219596645,1.3767939382442438
2016-01-04,1.5255744831606117,1.3281417237085307,1.5954611238342056,1.2856665732622714
2016-01-11,1.8193989597636229,1.3821707427953036,1.7407806605455671,1.3240881270094516
2016-01-18,2.1017732017403725,1.5938187612472852,1.9280434498962848,1.469984680457227
2016-01-25,2.259865923475445,1.5553088218563718,2.042428524257942,1.60321640140075
2016-02-01,2.2571563073608956,1.1358931956382439,1.9818981700617255,1.379248397770897
2016-02-08,2.143523346602838,1.4283460401710113,1.8574227113866304,1.601388365226985
2016-02-15,1.9854343580058667,1.911997753193315,1.718662313006514,1.9827191260631674
2016-02-22,1.86153641546646,2.050845867106193,1.6421420212813975,2.1128548221345147
2016-02-29,1.5941519183504778,1.7840961365858492,1.4346106417270346,1.8775890970153117
2016-03-07,1.2531496713674484,1.753751534930393,1.1806197151660562,1.848272213846941
2016-03-14,0.9930144127794182,1.4809038155577328,0.9919833129230283,1.7608879144276222
2016-03-21,1.2695610990800388,1.1476156916961158,1.2415513703107943,1.447407171896138
2016-03-28,1.4108565444805474,1.0565710014608602,1.4046891502947745,1.3347565735909286
2016-04-04,1.6771947148742832,0.7649898687354326,1.6812959512083605,1.0775837446470993
2016-04-11,1.9168203166198206,0.9152457449024187,1.938807769940391,1.2312101749275903
2016-04-18,2.0180073875198503,0.9953462909569011,2.0318166722285245,1.3731410000897148
2016-04-25,2.0806138765095032,0.9861106760783427,2.0754156490335345,1.380793603003595
2016-05-02,2.0392421814480994,1.059515863354975,1.9887946857363925,1.4603219459406969
2016-05-09,2.047578097026386,1.1878723679550904,1.9796008442218418,1.4858610912734
2016-05-16,1.958102907080313,1.391659102029595,1.9080623719893974,1.5731332470049129
2016-05-23,1.8686028344596104,1.753782157629756,1.8823138673852358,1.750674312672883
2016-05-30,1.8074483266562602,1.8181851041202175,1.8631425962624781,1.7764832164283237
2016-06-06,1.739238973435027,1.7675238900052932,1.8093518867757163,1.7551390963106688
2016-06-13,1.6786357364983826,1.6276758698435951,1.7288375455832086,1.6516105293346046
2016-06-20,1.6102419452616017,1.4697013417393134,1.6112299371806482,1.563680091037004
2016-06-27,1.5186363591421155,1.7187640955496672,1.493289988003421,1.7387756483200922
2016-07-04,1.4729312712370686,2.5006509673011714,1.4500871160014888,2.230567803365098
2016-07-11,1.4478259965955969,2.4856286851749134,1.4036158881028624,2.238136619771826
2016-07-18,1.3992234218659627,2.4045319202616495,1.3485008982178328,2.1686526635889254
2016-07-25,1.3586353607686135,2.328434227848527,1.3511092405568998,2.080238829783314
2016-08-01,1.327126391214231,2.255809492681718,1.3660408900741894,1.9749372689988605
2016-08-08,1.348321084449208,2.1900280745746623,1.4170216670842797,1.9754488424113759
2016-08-15,1.255837961997151,2.0916710054195446,1.4777307776241455,1.8833985008498204
2016-08-22,1.2604580471584708,1.998106496184083,1.4923036524583937,1.8099232550871795
2016-08-29,1.2882876387633102,1.961475511015593,1.5228946685110962,1.803520744680899
2016-09-05,1.357923632530222,1.8175919014716373,1.5815402796664702,1.6810547684944193
2016-09-12,1.3509718395804087,1.7697110048916551,1.5902738356537682,1.6268081870172764
2016-09-19,1.2538087678685226,1.6959758972005046,1.5304800103385943,1.586935511554996
2016-09-26,1.2735609972703794,1.692610132891451,1.5408206456868465,1.6064617941273522
2016-10-03,1.2490913090694453,1.7060494256092036,1.5323794909388007,1.6406537807403758
2016-10-10,1.2181006543303556,1.7290402860143552,1.476020365695329,1.6608424069185903
2016-10-17,1.2007680254819586,1.7222515252847481,1.421054511063018,1.648212576218177
2016-10-24,1.3010377306819196,1.6368904909343582,1.461880565466977,1.5650485767615203
2016-10-31,1.3898716764312538,1.5983994669542296,1.4635356181018515,1.5480977518297367
2016-11-07,1.3873594816534343,1.5709892169440025,1.4152668752587951,1.5724205840667214
2016-11-14,1.2294703466792742,1.619720333333883,1.2938657996162721,1.6407543038796424
2016-11-21,1.240024449336944,1.4986909689605463,1.2387196548382478,1.6232839354318285
2016-11-28,1.241619722974702,1.3794807685626376,1.1825735350642943,1.5249971092951722
2016-12-05,1.1991353865824297,1.3613154621565096,1.109222545925354,1.5265969117252494
2016-12-12,1.1793713296581376,1.1622937665916968,1.0686834874275566,1.2922408597554473
2016-12-19,1.2557086158007902,1.1096405033189702,1.0623787361141421,1.267981171372363
2016-12-26,1.4391997345742442,1.1081036225661889,1.1954770116153015,1.2839104075093384
2017-01-02,1.5188573260958211,1.1839265688112013,1.2704914905439628,1.3522730978779012
2017-01-09,1.6432767383969542,1.242607511838659,1.3587053921210897,1.39358819502458
2017-01-16,1.5859897159392202,1.2961614400213184,1.35126080921789,1.4323910056002764
2017-01-23,0.9122450795516374,1.402644258573514,0.9385419724315744,1.5298832021314974
2017-01-30,0.7253251324679602,1.4436899208059228,0.9518769264027596,1.5760013111189297
2017-02-06,0.46129119302437854,1.4887851825578575,0.8996732349409036,1.6196543732100481
2017-02-13,0.104841124650413,1.6150751088955917,0.6804736763881009,1.6901520574882722
2017-02-20,0.20110558542905319,1.7302723505732207,0.982331300236767,1.7447172259747017
2017-02-27,0.14069639783727486,1.7868532857696577,1.0180520063043423,1.7482922218124715
2017-03-06,0.14858920964287609,1.8368726708564178,1.112207741518096,1.7514314243560063
2017-03-13,0.20512324921288966,1.759819346147151,1.198206766137044,1.6423280751032037
2017-03-20,0.016568423551355772,1.75835314505641,1.2806368855529793,1.5788552845670565
2017-03-27,0.28064459487799126,1.784548950044711,1.2414383588712188,1.5763169372710018
2017-04-03,0.09923666335805202,1.8404325093576923,1.4805621583506974,1.6221023982105125
2017-04-10,0.10237962557334411,1.908157590509669,1.673287087102226,1.6909954641825495
2017-04-17,0.04438706591024278,1.9891953147227817,1.7687952608627806,1.7825006166936277
2017-04-24,0.687663575198454,2.0498117780148046,1.4022059897446697,1.8653451735373587
2017-05-01,1.2239601462208434,2.1137099433683555,1.141464448805254,1.9615025971616462
2017-05-08,1.6831798324164025,2.0002597347440374,0.9789562363573256,1.877546809231409
2017-05-15,1.483667460983039,1.8354108463265693,1.1868490142689085,1.7630662434691213
2017-05-22,1.1987695069815352,1.7176478213880684,1.37049724174064,1.6711785681646627
2017-05-29,0.777873376444918,1.6355464664275434,1.6945201423280947,1.595706880086118
2017-06-05,0.008083908766637055,1.5680671645325182,2.1174272878407963,1.5613630317757476
2017-06-12,0.30949436951923315,1.558344124605654,2.149725011217581,1.5772491929711547
2017-06-19,1.002098564802234,1.5591107523414232,2.3315328597459724,1.565969370887436
2017-06-26,1.706185631533526,1.5315286726318798,2.2972485127721014,1.5889152462072709
2017-07-03,2.3511519359839723,1.5389327308177212,2.3645705375442,1.5980152346342578
2017-07-10,2.5315982861819135,1.6453832595307305,2.2937241426938524,1.6379358458971953
2017-07-17,2.3745292670698737,1.6003056556412698,2.1089561293579764,1.5976525375850006
2017-07-24,1.8051471383233517,1.5966260752886838,1.9328919031639191,1.606721572280761
2017-07-31,1.970640318241663,1.5998467886945882,1.9337640105859029,1.6185317005961422
2017-08-07,2.348989796654266,1.6084969755721763,2.068197774723189,1.6227733914995859
2017-08-14,2.499271102731101,1.6945997782625142,2.1790974430519556,1.695276379660029
2017-08-21,2.0003029450759833,1.7311109631595178,1.9241275232976536,1.7525807926784007
2017-08-28,1.8478149576659524,1.6976856366435757,1.817635512793201,1.7148669708869604
2017-09-04,1.720844422052729,1.687875380675118,1.6894483092331103,1.7122072202614893
2017-09-11,1.5727907330670747,1.7066608908301915,1.5322432117474973,1.7460063100495025
2017-09-18,1.5540754357477267,1.6924735614040454,1.505006936116354,1.7302602759051955
2017-09-25,1.7028697890405433,1.7701833362608324,1.610143682222374,1.7950025507936955
2017-10-02,1.5672013466395698,1.7598011257401378,1.4803446589532363,1.7552795775302816
2017-10-09,1.5001212364027223,1.6517691709967703,1.4565323703899242,1.6721602600894878
2017-10-16,1.5164539356666218,1.608738416483877,1.523885685014789,1.658610902122794
2017-10-23,1.3342983413873655,1.6341892683154704,1.4365694778797171,1.659463015365463
2017-10-30,1.2319416652990163,1.6735267378668124,1.4209545907668797,1.6872142214754544
2017-11-06,1.1201764882195397,1.694049941314032,1.3566568950714215,1.7138151478376047
2017-11-13,1.2687873112714283,1.6487739673052824,1.4645994627690462,1.6590630920199574
2017-11-20,0.9929748914221207,1.6241266518087265,1.1604715226187923,1.623169427077272
2017-11-27,0.8835294939668101,1.6230997528046005,0.9676097224170137,1.6474436894077067
2017-12-04,0.9016488376225856,1.637133904502492,0.9276986875907365,1.653298254857963
2017-12-11,0.9345508107178142,1.5765202645862508,0.910483067403984,1.5903689884380714
2017-12-18,0.8085698110235034,1.5412080365340584,0.9038456006935792,1.5612953423178366
2017-12-25,1.0150041836099681,1.5350108313064426,1.126631585932772,1.5621478797592534
2018-01-01,1.0159190846866004,1.6129728235751306,1.1997867221602472,1.604630129810512
2018-01-08,1.0152037305881274,1.5914597811564353,1.1536011481158772,1.5924253781285271
2018-01-15,0.8636112242655724,1.6001592858815699,1.0786984080006925,1.5999717252652053
2018-01-22,0.4650615447489068,1.6437574997160793,0.10475042607343815,1.6403971167702704
2018-01-29,0.5731773540191214,1.6238659966103468,0.2930671995583406,1.590953962615024
2018-02-05,0.07359357230524262,1.6557636073294701,1.0423445787851569,1.583476685371864
2018-02-12,0.2365886584564861,2.1634703687047714,1.265553413572195,2.17341861112074
2018-02-19,0.3132003529816261,2.1898252387266623,1.8744262294153267,2.1760528612424923
2018-02-26,0.023657805860453185,2.084055062604731,1.7776853736408718,2.0514013442346313
2018-03-05,1.5038395414249375,1.991221311643287,1.0298226970013178,1.9841995749927
2018-03-12,1.4107699855765574,1.7978035590003418,1.1869105407858676,1.8497345467135882
2018-03-19,0.08710378036733352,1.4892782623822216,2.241899665001257,1.5901360127699182
2018-03-26,4.010756272650026,1.3347384208672368,2.394395415110713,1.4905244081100244
2018-04-02,2.342205891871181,1.2220448285181493,1.4724212160143353,1.3186256355589347
2018-04-09,2.4683919133748704,1.2626552443828365,1.8680246466520338,1.336340447874785
2018-04-16,2.7286757981666896,1.2606715474332244,2.5974629920978605,1.3037597459883057
2018-04-23,2.5839656943235227,1.233996613145021,2.506772932842748,1.2682607002515276
2018-04-30,3.012569478928191,1.1962014244757642,2.7537032315224588,1.2062593571505436
2018-05-07,2.61909208653718,1.1321801654400434,2.475208314775113,1.1714562401509616
2018-05-14,2.478402230702746,1.0181100703404247,2.4781682540316803,1.084771917876795
2018-05-21,1.9998145228337685,0.9624532799228742,1.9307293260569576,1.0332017311935702
2018-05-28,1.764650981637081,0.9004420076074094,1.6944678711314778,0.9766442486655641
2018-06-04,1.6110612619051898,0.8445542646974401,1.5112361011636994,0.9590100778627544
2018-06-11,1.543475702272933,0.8468032879060622,1.352116358373774,0.9566661047653366
2018-06-18,1.3908945494455371,0.7880674816362665,1.1112328392162223,0.9226843782611898
2018-06-25,1.1306378815193046,0.7312382110030924,0.77712193999834,0.9039832196227294
2018-07-02,0.9204301739719096,0.7119556291679914,0.4578694536038207,0.9083893525220225
2018-07-09,0.6877112340931136,0.7867471634104972,0.11916080588093163,0.9712146335994154
2018-07-16,0.4132017325491222,0.8818075470172246,0.2451786698954281,1.0534522418591712
2018-07-23,0.3263247194520888,0.9795941963247274,0.3643093293373894,1.1803612145026652
2018-07-30,0.16496719218958425,1.4225326500246458,0.5192398667929412,1.510466999253393
2018-08-06,0.07736313117281958,1.96795709700071,0.7172622890871921,1.915052234683909
2018-08-13,0.06277805792249294,2.0961110355253485,0.8950139013548096,2.007526999012698
2018-08-20,0.35213405662082164,2.2137293009259666,1.1869233080396488,2.0813079660158396
2018-08-27,0.5789717606967965,2.2749758227822534,1.413550598599236,2.1581160531326593
2018-09-03,0.8296927951155108,1.9730669301440111,1.609311272478854,1.9805723180944328
2018-09-10,0.9983708345769148,1.9496270436891068,1.7149924372975889,1.9447863156877283
2018-09-17,1.3063530166285973,1.8932193640761272,1.8510066083077297,1.901371092172157
2018-09-24,1.7088705630680865,1.8968750186605057,1.9786104657143306,1.8065954045479506
2018-10-01,1.9277359796279558,1.7622418383564065,1.9766576927390862,1.768032109945607
2018-10-08,2.2036454504440472,1.6566693714093528,2.0594093412592764,1.6104072812018586
2018-10-15,2.4842675548997057,1.5589697055596037,2.2416684905770943,1.560217020871403
2018-10-22,2.564475939924902,1.481365543057978,2.2865571804224425,1.479672229092724
2018-10-29,2.5207949169116524,1.295646431977637,2.242349867869855,1.3157450758230957
2018-11-05,2.3359552033102946,1.9209850689431045,2.0725452008212004,2.218652293948796
2018-11-12,2.194661400991948,1.6633630349137403,1.9526455783985548,1.9512998898481637
2018-11-19,2.0414858833003895,1.1507102428280915,1.8280126278979938,1.6573381201417137
2018-11-26,1.9459821581482408,1.1640248484231552,1.7755228016704374,1.741768080187237
2018-12-03,2.194259727807335,0.7480784512924373,2.000320727247226,1.440245712615513
2018-12-10,2.173593267650869,0.8446305253957538,2.00000922458514,1.46550113457677
2018-12-17,2.7735042927769524,0.26811640510342855,2.545762705623557,1.1254451863310524
2018-12-24,2.618583762532541,0.6613796970871654,2.491576105231158,1.4346723204074339
2018-12-31,2.319998455947189,0.1371060281329988,2.264125429810158,1.519132523916963
2019-01-07,2.044376126307242,1.3290783463970308,2.0260737581482875,0.7668503055056091
2019-01-14,1.8076927637068059,1.3576904326051344,1.806392209084852,0.8266013713113787
2019-01-21,1.751542233069286,1.7876611981266979,1.766536239922315,0.669468382613449
2019-01-28,1.5411642801665815,1.845133532857683,1.5433507068243135,0.4917241575068973
2019-02-04,1.4080534381637504,2.098644952412264,1.3917436909703818,0.2290485584877704
2019-02-11,0.23068974499930991,1.990210285890793,0.143992312282445,0.18879561551817617
2019-02-18,0.2679723598441796,1.8126295849588612,0.1147466122867521,0.1563803284686643
2019-02-25,0.2649896198106893,1.6157810995801756,0.1294314265528588,0.1502669028253985
2019-03-04,0.29399367325313996,1.6023542131089152,0.17377716625372489,0.0676879728388893
2019-03-11,0.12167336009464964,1.3689194960518878,0.05230601037780933,0.009405990522511336
2019-03-18,0.1525058319708192,1.666227568271839,0.010274173942290046,0.8134748017078977
2019-03-25,0.10991732029345716,1.6085431235512293,0.020665521620946457,0.8564606121229571
2019-04-01,0.004709816401240464,1.2061296933000738,0.1069454053990561,0.33531054943328453
2019-04-08,0.04370316387282472,0.8194389850851486,0.12660885348255738,0.2704227177117327
2019-04-15,0.14876691703493208,0.44405362481630767,0.19838458026481126,0.8335392067634211
2019-04-22,0.23072424884281978,0.047973722265071954,0.22982078270143683,1.5296167793510653
2019-04-29,0.2961267547037117,0.2547522681354223,0.2204000813075124,2.024855273245041
2019-05-06,0.36092616829335983,0.5021231984428149,0.1712647444814304,2.162268902759117
2019-05-13,0.27805961680678154,0.8622612957579817,0.05656142918384343,2.2431775960357747
2019-05-20,0.13062016227034717,1.6452909198009609,0.11242511513445899,2.636696150556601
2019-05-27,0.05308313999493678,1.8887845881593222,0.3098411840202996,2.4513494672817675
2019-06-03,0.1393414816888335,2.123968947286998,0.3896490595570998,2.441394921638517
2019-06-10,0.15032770224899125,2.8546577609904893,0.3912368275984468,2.78463540891278
2019-06-17,0.17972034375672177,2.7423728820724036,0.4362985441417796,2.658047660770294
2019-06-24,0.24858577939684753,2.426469413573791,0.5189007356899877,2.387729896003048
2019-07-01,0.015042699962705753,2.3151095993280246,0.4921428335241293,2.3437219884545004
2019-07-08,0.2563636296683332,2.216930257776238,0.7200099914061966,2.225494404397257
2019-07-15,0.5661934869576191,2.0433508155920173,0.9654184077134262,2.056576660460965
2019-07-22,1.3685507605173428,1.9693586944656762,1.6908739567692588,1.978763642709392
2019-07-29,2.163905696789631,1.7626510813477994,2.159495776254254,1.7543661855652595
2019-08-05,2.7440356283098852,1.6601274309509328,2.448114294268494,1.6524756711031559
2019-08-12,2.623955070403059,1.5880549832034583,2.391717525405472,1.6186227990273445
2019-08-19,2.55294718018776,1.5600256233256369,2.378452493838645,1.5791983325552403
2019-08-26,2.38029479914505,1.5687781940461338,2.2477513210507083,1.6007145743452214
2019-09-02,2.1832071059455442,1.651291679591317,2.088698791285257,1.711988310739222
2019-09-09,2.0219876042835687,1.5466714122150684,1.9251760151070558,1.6212723234020119
2019-09-16,1.8511619998443891,1.4130237875382137,1.7757574959429434,1.4813687499663188
2019-09-23,1.7193818973890234,1.247076240661258,1.6588021588276947,1.3014311343382954
2019-09-30,1.7799266330549712,1.12989508709531,1.6777705577075381,1.1452500538650183
2019-10-07,1.7883170200527412,1.116149137006123,1.7130133806639503,1.116926349735188
2019-10-14,1.668379909179444,1.0794646270416026,1.6294281321647137,1.0902936049725331
2019-10-21,1.6033179177653036,1.21042579340486,1.6041712435075175,1.2196844823258555
2019-10-28,1.5707051443658664,1.2431345002645384,1.5709596761630198,1.2492361510219343
2019-11-04,1.4972591100006956,1.3017022274156917,1.4580210498972965,1.3157627373557794
2019-11-11,1.5006557333346553,1.3593695102765078,1.4078237153310058,1.3766633513964175
2019-11-18,1.4768681725664374,1.4394901881997693,1.3599195900835699,1.4431242494935979
2019-11-25,1.5148304202678422,1.603468712416353,1.402323691117412,1.5821906145485323
2019-12-02,1.5547163570255051,1.7333872858632804,1.4539014760114344,1.723949926553346
2019-12-09,1.512291979370156,1.7639165218565929,1.4344222991665456,1.7608963888567613
2019-12-16,1.4305934012303319,1.8486100178842744,1.3756072401457407,1.8487288761833598
2019-12-23,1.332501645951319,1.8590665326865383,1.2778917265400933,1.8457470339545605
2019-12-30,1.2656645128953208,1.8713668365641685,1.2306392902884054,1.837371663151318
2020-01-06,1.2736496975411737,1.8822945962836486,1.2662210272771064,1.8398103350493156
2020-01-13,1.3115179001930457,1.9556849192386223,1.3281755900867234,1.9209671207857464
2020-01-20,1.3551366605704611,1.9432666713974533,1.378560989366237,1.9030646757231273
2020-01-27,1.4817552172446327,1.8649751403108545,1.5199633637380194,1.8426364005533031
2020-02-03,1.4730567807856336,2.0145642181582524,1.5471250067772853,2.0004734843662484
2020-02-10,1.3903204460066823,2.0466672418161567,1.4990637026349671,2.023343806070617
2020-02-17,1.335279394113158,1.9445442338691374,1.475898683494251,1.917893380805154
2020-02-24,1.4565264348838503,1.66569099094845,1.6207277206998174,1.580507108350438
2020-03-02,1.6003691988123574,1.5384211069005749,1.7730765537802633,1.5461352191273428
2020-03-09,1.937920439742217,0.900790874105828,2.10529549655065,0.7417329071157371
2020-03-16,2.3076564626434486,2.178938954965435,2.5501821264845415,1.6427697531095848
2020-03-23,2.3463858192734905,3.7166995032037113,2.5614289556275502,3.67198744778016
2020-03-30,2.31173696872221,2.565969201104356,2.517150492193701,1.7402720426356677
2020-04-06,2.0210786844430753,2.770408569358078,2.2071231191047547,1.955784643921328
2020-04-13,1.3864067715018764,2.2101485800756593,1.6392724433521384,1.5097253096081267
2020-04-20,0.6686124228420016,1.6484806507328578,1.1221395478623306,0.8253585970458694
2020-04-27,0.45704449087602655,1.387589906151669,1.6996794016122365,0.364901449627927
2020-05-04,0.7555361389167509,1.270475668889908,3.3291843004793344,0.28817255652116003
2020-05-11,3.3940357350074235,1.1577687201409943,0.4726690891379863,0.15181785330794287
2020-05-18,3.554498083606906,1.0951892519500128,0.7844547687466743,0.15154302408636275
2020-05-25,3.247359644307426,1.0309957388000999,1.6508786323108966,0.12842560533681113
2020-06-01,2.547548981315472,1.0399876604983134,1.5011176138904383,0.2640091059943392
2020-06-08,1.8160153337422782,1.134175414418629,0.8253338385811554,0.4068477202231817
2020-06-15,1.638588433487291,1.2926965764171257,0.8088263301803302,0.8643600443906769
2020-06-22,1.456678427776282,1.2702407197893435,0.6865004400368272,0.8920963527612897
2020-06-29,1.338405082670506,1.2145634249424495,0.6473459644439695,0.9220590757920996
2020-07-06,1.264197560318955,1.1594976077086365,0.6887865569557128,0.9008151365652229
2020-07-13,1.1533667970111454,1.2044404118984078,0.590763044637226,1.1034746326641938
2020-07-20,1.105130877276244,1.2191565692228516,0.6077296038193765,1.223582384700541
2020-07-27,1.256279700352014,1.2692879286271859,0.9599180862522391,1.3974631548031413
2020-08-03,1.096700736836515,1.333327954854819,0.8067195992754765,1.534974768637974
2020-08-10,1.015466078583347,1.351489383082726,0.8025548414429848,1.5839600819436097
2020-08-17,0.9198699441018254,1.3860911371193074,0.7125892406495773,1.5527121200404455
2020-08-24,0.7726134568878413,1.4578171359425045,0.544209799600603,1.5951558340213468
2020-08-31,0.6933342724011359,1.5438898300175088,0.4744681851471546,1.6063547366927498
2020-09-07,0.5868758086119467,1.545101790141379,0.34713187227204706,1.449319690060071
2020-09-14,0.5126423016246452,1.5018504947831945,0.28180532489841453,1.3208050530850104
2020-09-21,0.33083524414487603,1.4575902086855634,0.026350091810228307,1.4436653452537727
2020-09-28,0.11856591519830702,1.131131934918162,0.2550247738876714,1.0954170716503637
2020-10-05,0.0372779433349896,1.3552813952977574,0.27602124093602515,1.4335385644598613
2020-10-12,0.0724468554136435,1.3448587683964686,0.3083662097942385,1.4472236436620742
2020-10-19,0.030972503748756024,1.2672530817561036,0.1373665771490335,1.4001672600188588
2020-10-26,0.19995824627291323,1.2575263679442816,0.20998693875436306,1.3541167179740639
2020-11-02,0.992321034239732,1.306596865104092,0.9628273692778547,1.3971758402740988
2020-11-09,1.8775690546744137,1.3252851114453092,1.5351135747505853,1.4843975232704507
2020-11-16,1.6231548360117365,1.1565095240691523,1.2866205030128979,1.3125722547676795
2020-11-23,1.7440997670919614,1.201527303324575,1.2789422842366631,1.3556321054362785
2020-11-30,1.8848897731470295,1.2597946821483998,1.320780462950917,1.436364639092366
2020-12-07,1.8017177924453964,1.196226697116231,1.3028335445287127,1.3841804442730576
2020-12-14,1.5514884044266983,1.289242345639139,0.9602228958895739,1.467937156221468
2020-12-21,1.4781601158620905,1.3376390860370837,0.9134099462789004,1.5002083292996127
2020-12-28,2.0457808976085503,1.451757572304864,1.766438159921686,1.606679470016907
2021-01-04,1.8165913048498248,1.5172361341421032,1.5518202278635378,1.64758258377946
2021-01-11,1.7985127650493922,1.642132118062986,1.614379736361095,1.733418963522159
2021-01-18,1.8287188844158684,1.706293949512604,1.7437244265860024,1.7470083006848505
2021-01-25,1.879604176045229,1.6446913928357436,1.9230110051649942,1.6587987763799221
2021-02-01,1.9293301776722955,1.7436844266126867,2.029284480363479,1.7217508676054605
2021-02-08,1.8366374989657719,1.6886013216268658,1.9332945434897566,1.6414155834692792
2021-02-15,1.7978997622831974,1.6336170730952984,1.8817345066163973,1.586983013585352
2021-02-22,1.8174320814083609,1.465421581584509,1.8615097856327023,1.4827118969787236
2021-03-01,1.7697360116635639,1.4927268632869233,1.6588272513800706,1.5178292960073188
2021-03-08,1.721239432229706,1.5298187130193663,1.5446119632033626,1.520373510584518
2021-03-15,1.6843508423391733,1.6990702850029062,1.414460257775437,1.5966988010982162
2021-03-22,1.486732370397223,1.6456482325772743,1.04578717994464,1.56404213569592
2021-03-29,1.289477696351939,1.7231391571805865,0.8860098494320586,1.6110849530072597
2021-04-05,1.1100684065250974,1.8276672405137986,0.6801073852877303,1.7157882731666037
2021-04-12,0.8385482966981271,1.998621592986357,0.25942056104136696,1.8862618642705615
2021-04-19,0.5677373337063394,2.0535976002894496,0.21638680587360035,1.9680366699338712
2021-04-26,0.6029076610884769,2.124578481325407,0.028878514270330863,2.076906540879191
2021-05-03,0.7779872050591264,2.085187463529973,0.22811704021376342,2.112024659235889
2021-05-10,0.8292543010166932,2.032382362837005,0.1936052867671292,2.0798428207837345
2021-05-17,1.0434047714049783,2.0272490086835635,0.4907998543878763,2.0733077712694943
2021-05-24,1.0571043067492303,2.0005608785237223,0.48384516169414676,2.0064086238355467
2021-05-31,1.1031587459462282,1.9316274454043911,0.6011215301916399,1.928511510163636
2021-06-07,1.2214856267608172,1.894985992818359,0.9197971385399742,1.8622973869895112
2021-06-14,1.4634450784264255,1.8207396536925142,1.3867865048485823,1.759580981868881
2021-06-21,1.7853528473642901,1.7710633572950774,1.9231851009643384,1.733063762982896
2021-06-28,1.9861585163791267,1.7085152288905359,2.168325943851903,1.6666567381057547
2021-07-05,2.040693078286698,1.6600815443795296,2.1170049052963127,1.6118116516941792
2021-07-12,2.1056604163509425,1.6024401684125598,2.08190805361051,1.539538829177496
2021-07-19,2.098678463906514,1.6063099310592863,2.0739200150653287,1.5289825162854715
2021-07-26,2.181366935966932,1.6416363754517058,2.1802277388103475,1.5578662790002322
2021-08-02,2.1748210790157625,1.6442495312760215,2.25916407474349,1.5610272019630427
2021-08-09,1.9821135739309934,1.6165864846147777,2.1031635998014155,1.5364887587968101
2021-08-16,1.7052303558895394,1.5410004959128019,1.8761223439055255,1.4572902963145187
2021-08-23,1.747078110714119,1.5132443264826796,1.9014232763668382,1.4337282981721897
2021-08-30,1.7801706566532705,1.4995040610428596,1.9416465244384036,1.4043324958619874
2021-09-06,1.8584071995270492,1.4409199131724268,2.045987924462254,1.3247840900181571
2021-09-13,1.8739720738986738,1.433604373617535,2.073351247114162,1.3212547568617958
2021-09-20,1.871155368842796,1.4212874180575483,2.0726058325325485,1.3154624771259251
2021-09-27,1.8541919085242327,1.295057726688055,2.0205975596893793,1.2176096948096269
2021-10-04,1.741463513203364,1.3427613981688689,1.8149604501741115,1.279218649688817
2021-10-11,1.6982726722225026,1.2209314557329476,1.7331059860058589,1.2266473746310156
2021-10-18,1.618083043281066,1.1979028652560282,1.603744619126397,1.2190037387809225
2021-10-25,1.515038757676087,1.2043932551853065,1.4833701128485857,1.242613567065165
2021-11-01,1.329852885571086,1.3239294682561968,1.3016644672029263,1.3850596130395632
2021-11-08,1.3529161198675062,1.3581082267663693,1.270791566723432,1.416328823181398
2021-11-15,1.269013472032659,1.4867008423374115,1.1657379613749592,1.4994125257658861
2021-11-22,1.0390542634841264,1.5381572894403728,0.9957538499675664,1.5571925693076987
2021-11-29,1.0784628298957677,1.6660256635836443,0.9347472175490473,1.6870894461010957
2021-12-06,0.9662731352335592,1.8457128707989816,0.7841968911497949,1.8727885363915415
2021-12-13,1.0163569172175166,1.8351500259039604,0.7702735301513627,1.909730919326668
2021-12-20,1.0742578832690168,1.9427197795691178,0.7676763152648693,2.0139398999805915
2021-12-27,1.192582893088135,2.017245239682846,0.8593114675143784,2.100854767411081
2022-01-03,1.283800483972314,1.9702161265314013,0.9092497457344657,2.0768477327984214
2022-01-10,1.49747751436191,1.9505656497570998,1.0622971901352478,2.012328686792577
2022-01-17,1.8748877970602846,1.8357657658698405,1.4144261191529919,1.8758872916115747
2022-01-24,2.135633117546529,1.8033885565305694,1.750755959171279,1.8187716309956279
2022-01-31,2.29238875776463,1.7772854821739537,2.0740484604788767,1.8434678460621423
2022-02-07,2.449976195188797,1.7269011262120118,2.399463224520453,1.7713533165513702
2022-02-14,2.4542605853398194,1.6166545945907445,2.5046273741597407,1.6543213694661907
2022-02-21,2.337796038047014,1.5802121178609012,2.379509336060807,1.5880931764613402
2022-02-28,2.1646944319779795,1.4046443035333782,2.1879125336216214,1.4360311972576947
2022-03-07,2.0201732025611325,1.3646913003876713,2.0200826512175167,1.3968278136439798
2022-03-14,1.675490242024932,1.2121207861503138,1.592925256612821,1.2341144501601682
2022-03-21,1.5816277914165413,1.3877384104786672,1.4642302888913814,1.3589021347130559
2022-03-28,1.5395294535835131,1.5471458015449626,1.450934925402416,1.5364188582424052
2022-04-04,1.5388971464123369,1.4248732614869009,1.449138049386884,1.4998337153097046
2022-04-11,1.628884046862372,1.1783512946414747,1.5774580333888824,1.2815008869204365
2022-04-18,1.7344254842988502,0.9991927982282836,1.6869010657461125,1.1868332549044913
2022-04-25,1.762239111419225,0.9258903092076883,1.7006665191035233,1.1188787017730304
2022-05-02,1.837436729211177,0.9645809377174831,1.7677605989950185,1.1612511963606091
2022-05-09,1.8498984567548329,0.8500676433506782,1.8765671769279042,1.0135521914804437
2022-05-16,1.7683903130667682,0.8886512040655627,1.7859539608629016,1.0493562854990353
2022-05-23,1.610994557428593,0.9714313395163405,1.526492663608881,1.1919204163234816
2022-05-30,1.4434420221154542,0.9337250412155998,1.3290490215055977,1.187110054412449
2022-06-06,1.4506991355568166,0.9422510860683116,1.354459009542385,1.2558561992634274
2022-06-13,1.4984314918626611,0.8028814864456635,1.4491050759305644,1.114615819948491
2022-06-20,1.5129444434869461,0.7326990960361542,1.5534818941806587,1.2720972372998556
2022-06-27,1.5416039101901107,0.4605890512859072,1.7358410279937357,0.5984413202923552
2022-07-04,1.564246889787138,0.5351610927436284,1.7991344965119547,0.5121372858656614
2022-07-11,1.5383902066541366,1.1306016222565245,1.7867987159575802,0.37258110089519697
2022-07-18,1.4940896951589389,1.3046641989717975,1.7420240082168075,0.36043851835855634
2022-07-25,1.4378112305895332,1.453157830504586,1.6802315497386366,0.31381875274004034
2022-08-01,1.0523069781887917,1.511465809438329,1.393296885799174,0.19006217410665727
2022-08-08,1.1429663684771425,1.5448699773115635,1.4216344991472267,0.34933598731581944
2022-08-15,1.2050834932487906,1.2973583432570737,1.4326487332669309,0.5863746798518646
2022-08-22,1.6525043289953292,1.0866587493956714,1.8011183227788787,0.4571180281061258
2022-08-29,1.724051523486234,1.2910396796695212,1.8718931506514682,0.02435894816064578
2022-09-05,1.711536036912541,1.5239274024601783,1.8638101729650824,0.5373381782628547
2022-09-12,1.8177424275845748,1.7095218981983902,1.9538550294368349,2.0093112331948726
2022-09-19,1.8133493007535382,1.086018757049837,1.9720032420270373,0.8112708840117754
2022-09-26,1.8192650419105638,1.9141767209003264,1.9455443003611026,2.9666445709915883
2022-10-03,1.996500479625944,3.3914302202600646,2.037040873193484,4.268897451928125
2022-10-10,2.0206810210519945,3.024736235371807,1.9833591688619814,3.3963082238602773
2022-10-17,1.83333392439431,2.550163459716178,1.7671988759499597,2.711779629617501
2022-10-24,1.6883251845779694,2.398580526224095,1.5761682029089101,2.4530258377708387
2022-10-31,1.4295158798032759,2.270499687797286,1.288247256650944,2.260099313161303
2022-11-07,1.4456288012113223,1.9283596079587995,1.2422589673372673,1.8790011336324535
2022-11-14,1.7964828483570574,1.8190868740781434,1.4643289031738411,1.6573004350252167
2022-11-21,1.6774099255980943,1.6962480796865127,1.3345683224932583,1.4376258536082955
2022-11-28,1.658309714986384,1.4464488300947027,1.3187685049079514,1.1477553463427654
2022-12-05,1.6333036242906345,1.3724639535804515,1.2950455073576859,1.0913035752685163
2022-12-12,1.5457440727899348,1.2191813083814398,1.282010370980495,0.9074710327958495
2022-12-19,1.4881046881098408,1.1431959393873063,1.2851036817580919,0.7780754174820966
2022-12-26,1.537115423148113,1.190566906530202,1.405743400847874,0.7700921551187808
2023-01-02,1.6222979800995583,1.1754212833482547,1.5116318881144029,0.7225558427817917
2023-01-09,1.5836093379755234,1.1079871934405574,1.4983774088997328,0.6318369869779878
2023-01-16,1.4773558536602587,1.085343378501874,1.4297256232692948,0.6418029134982253
2023-01-23,1.3314413419919653,1.0852693262931474,1.3347249404545936,0.6278908423201165
2023-01-30,1.2017414076203337,0.8945527238349863,1.2295539974427783,0.46325492951483654
2023-02-06,0.7879508667667753,0.9668874174806578,0.7520666674679684,0.5242560958747456
2023-02-13,0.6913248056192324,0.8589713919796512,0.6862705963126475,0.41606440606361395
2023-02-20,0.7340974729668153,0.9434811505350991,0.7777318057893203,0.5633788157236758
2023-02-27,0.8323900783345561,0.9355369120799327,0.8798786482179247,0.5759625894920086
2023-03-06,1.0158210025697008,1.01482172799851,1.1502397214574627,0.7681930648412676
2023-03-13,1.108267227372615,0.7241212787352735,1.4530785169133915,0.504621246868515
2023-03-20,1.0249573255707645,0.5502848554621367,1.4807825859724855,0.0008730796192521488
2023-03-27,0.7739629490968079,0.09087149551718268,1.0948200917517017,2.0927734967813207
2023-04-03,0.6323532887744263,0.58076608744437,0.9219707702620619,2.4806329907595193
2023-04-10,0.6708995879167859,1.2291530175223284,0.8696345348696541,2.6898605077831794
2023-04-17,0.7365518442529704,1.7245900710832955,0.8504027859418728,2.5827477168591586
2023-04-24,0.7556384835784098,1.8061284914074147,0.8609946262657042,2.3274339831410535
2023-05-01,1.2985827726087749,1.682295471929503,1.3324245948244948,2.021416900291213
2023-05-08,1.5619988113595726,1.5364223711096838,1.4725799578913668,1.693484421712344
2023-05-15,1.4088255191039716,1.5873376169565478,1.3560847324292262,1.588149936819235
2023-05-22,1.1913816912402615,1.5556922417159773,1.3456997955845655,1.355428321790561
2023-05-29,0.8492064603988807,1.3561336665074917,1.203848066424599,1.222977396304812
2023-06-05,0.4737045700201914,1.0507365010028349,1.0429587029160345,1.0157440475366601
2023-06-12,0.04185288603075501,1.0256878284299686,0.8130985892890489,0.9390469178545279
2023-06-19,0.027562761797230908,0.47315855951608315,0.7654968430737575,0.5450019154599328
2023-06-26,0.009341941424549199,0.5911538550651374,0.7600619444611195,0.6918176337614806
2023-07-03,0.25033779581575194,0.6640371649485906,0.9053873389314139,0.7116116435269368
2023-07-10,0.5948065135914176,0.951763530817257,1.1045116995585522,0.9186398687407895
2023-07-17,0.8672796761909771,0.9646878299548503,1.176277437822243,0.9433162440627683
2023-07-24,0.8955758679106254,1.3726969466699621,1.2408787932664969,1.1975747424057661
2023-07-31,0.38582135290250597,1.4405067647757497,0.9769702949482795,1.2249533676934863
2023-08-07,0.5554640460530441,1.5209257746336817,1.1151350489576233,1.3583826311981444
2023-08-14,0.9498713567107743,1.445850902049122,1.447010406749968,1.2631520024411365
2023-08-21,1.1996297041539403,1.018933962604792,1.6517352031885197,0.8828042343639724
2023-08-28,0.8730884799761953,1.1311949475891236,1.4687150675694194,1.0252739763007928
2023-09-04,0.6836467109372967,0.710996337602112,1.4217036421587572,0.7543268164188109
2023-09-11,0.5836717654818326,0.7303527478164181,1.3470776119938077,0.877750019210303
2023-09-18,0.7904299408595309,0.2922128726524168,1.4422486494688491,0.5189199847605096
2023-09-25,1.4600961749021026,0.34473715918949976,1.896572668603693,0.5039615478760611
2023-10-02,1.6558927229421123,0.022453343866475038,2.0152589736607682,0.07108890901563306
2023-10-09,1.7296443319169434,0.22254625479083992,2.1030259372865943,0.3522130307581638
2023-10-16,1.7226607913463734,0.23978562412878301,2.1471593093171326,0.3217236423048207
2023-10-23,1.885712235197562,0.3073239096903618,2.2463530846005213,0.3997810620730597
2023-10-30,1.4573271277777116,0.235057976444759,1.881933714428792,0.3000074490311683
2023-11-06,1.1498889989097945,0.22609924131824907,1.5835910388172747,0.33545334790809983
2023-11-13,0.9651198574773115,0.47594281606265243,1.437711203379933,0.5488463503290308
2023-11-20,0.8777033014444088,0.440284047544726,1.2448160764153076,0.5701993310990422
2023-11-27,0.8761055565827649,0.40799764055801363,1.1839872033459014,0.520546987324273
2023-12-04,0.9356822948292478,0.5073404779685904,1.1659746666838768,0.6370814904373726
2023-12-11,0.9735673452200878,0.41369704285246,1.1403097048707973,0.5778012656821742
2023-12-18,0.8411831382808987,0.6822548045302026,1.0043897413205796,0.8492559669894093
2023-12-25,0.7626099830222255,0.6849090724321298,0.9413752645848749,0.8414853439213252
2024-01-01,0.8320959972064946,0.7723065916231601,0.8942102768009339,0.8078965686558502
2024-01-08,0.6719964694866287,0.6051593732822715,0.7900130294222206,0.6864944480067025
2024-01-15,0.49151461849708394,0.2768158126677162,0.6856645642466785,0.4840225890115793
2024-01-22,0.5660162064587456,0.21184403651258413,0.7191508454569235,0.28573912084891123
2024-01-29,0.23723370795769097,0.42234710424167005,0.5850137011197312,0.41007989916850496
2024-02-05,0.1904379563769648,0.014739930051770244,0.4127417106373885,0.206936942930391
2024-02-12,0.07235595114894781,0.17619552044230405,0.40542115197521383,0.06096181329938424
2024-02-19,0.1813524193894226,0.1839793630196185,0.27815482896396737,0.15385712753870243
2024-02-26,0.2648967453706361,1.1841612602519203,0.17820561982624306,0.32667439712561963
2024-03-04,0.11313028896336198,0.8743121953227082,0.4198471440169691,0.3231665480481737
2024-03-11,0.28232096433786696,0.2225338795366226,0.5088517498606641,0.5060129431064523
2024-03-18,0.4746415921035555,0.7216703831345443,0.6666502761928305,0.21166554502540724
2024-03-25,0.07761158693466,0.17885504731031826,0.003919971735020943,0.3398611511623186
2024-04-01,0.8496271384272162,0.6439841182738815,1.4906486764726676,0.8519460308955698
2024-04-08,1.2035170535892867,1.0755754137332907,2.18979768916474,1.105386553744788
2024-04-15,0.17389524833930467,0.6022207042596718,0.9077692839469458,0.0648901098447
2024-04-22,0.45512572492445885,1.2797054249767164,0.07776709566986045,2.0573174416967
2024-04-29,0.909075662412123,1.7902449086539078,0.8450366239221644,2.276245133116258
2024-05-06,2.1084768383494885,0.9440262883543012,1.6376372691920622,1.661097038457047
2024-05-13,0.3336375437362031,0.20395486136094915,0.050082580145457294,1.0476387261678135
2024-05-20,0.05583854518318112,0.6624472568058284,0.26067780303248694,1.4043704605496512
2024-05-27,0.9845750200693456,0.9620530534840228,0.1586005073789626,1.7383129695749524
2024-06-03,1.382098384475708,2.5126585412289026,0.8319315229634925,2.554008489739392
2024-06-10,1.1109609130677487,2.6641793778774243,0.8352717056100634,2.6300959709830343
2024-06-17,1.7777761849129334,2.110526832923304,1.9426151894778572,2.372864181825703
2024-06-24,2.101916773161248,1.9051121656057493,2.542118964421891,1.963502500756325
2024-07-01,1.289255727990989,1.8986581438185672,1.6473808817608881,1.831097368812526
2024-07-08,0.955671944102749,2.431691874966595,1.4641120332919622,2.3066379014023988
2024-07-15,1.1566853007850655,1.6823291314081712,1.4909878147009088,1.7441120274503963
2024-07-22,1.2232305286057281,1.2267081685596724,1.1150280269684725,1.5077932248198391
2024-07-29,1.896587722273837,0.9478547926769051,1.149065831340145,1.1126900769042884
2024-08-05,1.479013466871055,1.104455805378006,0.884873117151776,1.2235549592124824
2024-08-12,1.5500833168732604,1.051366829934901,0.7775801845391667,1.1406827008958196
2024-08-19,1.5432902016676275,0.8652814820373843,0.947186101868503,0.8778648148463809
2024-08-26,1.4134668336961822,0.6061795702010885,1.022428012670904,0.6257640026388331
2024-09-02,1.6829617902617036,0.8305902736724045,1.0865044144351144,0.6686732237227954
2024-09-09,1.3655741408912132,0.6059256586184063,0.7377022765268365,0.45097272766837354
2024-09-16,1.1392687171685292,0.6945894188650473,0.9417373392735408,0.658400082814814
2024-09-23,1.0262644293417609,0.6799306092951345,0.8229181213965671,0.6851925958963372
2024-09-30,1.2066242170583985,0.3143186386058662,0.8732124098105293,0.2840211214907688
2024-10-07,0.9307416904990634,0.12187938587930046,0.5156685981754642,0.1710688734097646
2024-10-14,0.5362288459699134,0.33095601730410146,0.18020105702542794,0.12242012470467187
2024-10-21,0.223225308814208,0.17698601773996353,0.19853859103135305,0.14610283551492365
2024-10-28,0.9913992352198353,0.3494684628215647,0.8639043389385258,0.7401290339618686
2024-11-04,0.6941779794940163,0.3827917716562163,0.7198526186152895,0.17689546426032562
2024-11-11,1.711883206346703,0.8814761417566087,2.180572017332898,0.6068126600224555
2024-11-18,1.7671033807611245,0.3244883548903216,1.5235689307690106,0.13073879917363018
2024-11-25,0.37712912057399006,0.565331547783201,0.8394426315860423,0.13321154937312876
2024-12-02,0.2831977719259922,0.6051213076514487,0.025002333245454648,0.07894645060170029
2024-12-09,1.3238672916503604,0.7034270662617058,1.8055668524159167,0.5314569693162703
2024-12-16,0.25068983283019863,1.3857824267823904,1.4660288307570335,1.2925426183386273
2024-12-23,0.027927609148636297,0.6874487424920351,2.3635290962971855,0.3921489166531133
2024-12-30,0.15650440777564342,1.128229830773278,2.4274235986419996,0.8833781359928061
2025-01-06,1.2538656685124878,1.1651791815527721,2.9960525457984635,1.3379413791811747
2025-01-13,0.0589104906320299,0.36470532018585466,1.7004683141338617,0.5488305963568265
2025-01-20,0.24524199305931177,0.08372363067597717,1.6590283413505769,0.40748961270775236
2025-01-27,1.1563760994420929,1.1192692121149093,1.7562489054389172,1.1098550495826378
2025-02-03,1.7041652800797238,1.2449847064263673,1.7927570223281624,1.230050689721875
2025-02-10,1.874993251199152,1.4897037927999959,1.8014552423432728,1.3781099970773016
2025-02-17,1.662839354489095,2.021230473387577,1.457732983341636,2.0262641805282633
2025-02-24,1.8227135627861835,1.8797164453756459,1.30283569021299,1.4493332482533425
2025-03-03,2.3006826007750276,1.6851730960200064,1.4322620764504506,2.0119314861879
2025-03-10,2.450619582783148,3.567041935986948,1.6024429127743083,3.700048542921175
2025-03-17,1.842395556474352,2.9350480681544546,1.350182896950722,2.805045968636891
2025-03-24,2.853235260531634,1.7619788452264036,2.377086289922316,1.676699620533348
2025-03-31,3.557520788084613,2.297091858047857,3.348825386245727,2.0993083417710885
2025-04-07,2.8564667335591007,1.7145200785050685,2.785289095648906,1.7871743792889225
2025-04-14,2.605079838192803,1.371415150087825,2.5876524418552473,1.5019649099360393
2025-04-21,2.2628559258840917,1.7409000585101682,2.4255589477747375,1.7287860963000807
2025-04-28,1.6970484023299053,1.8301731395764158,1.910599268086789,1.7021495770663937
2025-05-05,1.833697983052838,2.516422717015237,1.8997446296333522,2.3804350129417475
2025-05-12,1.4154447853767362,1.6765615571992591,1.470324945933317,1.678123864357426
2025-05-19,1.7568587329849308,1.5397552181078726,1.7087868783492,1.550277454459283
2025-05-26,1.5965351166927702,1.4119606209739388,1.5646202067381416,1.5037073602663356
2025-06-02,1.4703021094683226,1.1439905354005064,1.4362099466800882,1.2539765960575686
2025-06-09,1.4996974798066034,1.2363763242128083,1.4607617635350472,1.3465449802896938
2025-06-16,1.4970541618452027,1.1782931873888205,1.367714460352288,1.38983387188771
2025-06-23,1.124247727393116,0.6647359264902484,1.0544052399106745,0.8595108377741383
2025-06-30,1.0160201499449173,0.45740652243655894,0.9551518854046718,0.5976535707074335
2025-07-07,0.8352019448654568,0.580887863949958,0.816956889026085,0.5253530182204511
2025-07-14,0.7968227739239352,0.7737594062028167,0.8127148103486102,0.6158108263756266
2025-07-21,0.4510187891392345,0.7604166874502991,0.4915719799480161,0.3503168956959586
2025-07-28,0.6469559716686007,1.0244469201641622,0.6387022792029586,0.8013984997962871
2025-08-04,0.4579607549232066,0.3296141175277267,0.528734696732471,0.34912375823733577
2025-08-11,0.5673202171254956,0.1953645491478486,0.5100057295245856,0.0776871980340579
2025-08-18,0.7299745374949895,0.5525604688925884,0.5992980953010554,0.5643539904217353
2025-08-25,0.7504751651401631,0.01023291219748947,0.5932856650653411,0.04346665602801154
2025-09-01,0.8406794243155494,0.04996020803711059,0.6231781638709594,0.04131401240049605
2025-09-08,1.2790204496571418,0.7364932051499136,0.7660215976316139,0.8830521843103074
2025-09-15,0.3891696782324352,0.5816639808204384,0.42782215449587996,0.578706331149674
2025-09-22,0.8087366641113469,0.6410191811645225,1.023369579917121,0.7665973592792403
2025-09-29,0.9582120057115968,0.5472654581163281,1.146804071569231,0.6268263210365072
2025-10-06,0.5065278826794806,0.22276736094252222,0.5871150337944246,0.09297167061024803
2025-10-13,0.8806425129331105,1.0679368694942482,0.42014627810078903,0.9887977750591619
2025-10-20,1.5921571504942,2.056503215896954,1.3202521468558368,2.076065084272307
2025-10-27,2.215339863736046,2.680425902773808,1.4390081137720883,2.262379324182924
2025-11-03,1.7680389068919697,1.039613785858424,1.2936943579339097,0.8771666583779308
2025-11-10,0.6390412017141045,1.9123105700911718,0.41214584967065254,1.5293580556856223
2025-11-17,1.0217191150441076,1.7039093476689955,0.0613078843945007,1.4744591629447101
2025-11-24,0.4533053602727951,2.8288547007000044,0.2808207267940533,2.7849674919248595
2025-12-01,0.4318650064479257,2.7987034897131995,1.3917551679755185,2.6836941077406697
2025-12-08,0.11369670296660353,2.6481526226664176,0.2776998763220554,2.7127026048172542
2025-12-15,0.05843533535950556,2.669515342717404,0.7903378790434455,2.659823201385802
2025-12-22,0.8208034345358021,2.590620049491002,1.7996220070523408,2.585715287523781
2025-12-29,1.537656653322821,2.10199982407839,1.999344774205947,2.1252720356200103
2026-01-05,1.3089497684215994,2.2457785254107168,1.6375101695711602,2.2963410568538927
2026-01-12,0.8504017802379784,1.7441582267084543,0.9120951344216335,1.8869440236374564
2026-01-19,0.5768846310347555,1.2078148398765038,0.2030544018375786,1.2806352265055838
2026-01-26,0.2721169306236806,0.8828328399030517,0.1362047421152133,1.0810622528875302
2026-02-02,0.4800622754438892,1.0594104858439541,0.2575387965259515,1.5192859665551586
2026-02-09,0.5827166135358309,0.7751710063655692,0.05596073140983757,1.0978142764565813
2026-02-16,1.171298878994064,1.1038990466438947,0.1522487826237296,1.369939998630264
2026-02-23,1.1675953372234384,0.9494103972922543,0.10521554938118395,1.1817725317162955
2026-03-02,1.2495427776770054,0.8021218032766062,0.8981572798099835,0.8278440646713889
2026-03-09,0.6977755747620524,1.1548841625222512,0.712987937222435,1.0899638904769202
2026-03-16,2.2720230428613664,0.8619235541031092,2.8875636785244643,0.7955857726043313
2026-03-23,3.0019008155377276,0.6347462609740259,3.7079918914732697,0.5971667021418905
2026-03-30,2.376144910557558,0.5100144031294367,2.83726421478443,0.4723060619533796
2026-04-06,2.098945808655554,0.16305356418537922,2.381591489204225,0.11488383736533944
2026-04-13,0.5447359624005382,0.23880108300531505,0.7284000509234101,0.2886736021480209
2026-04-20,1.313661279708881,0.40700358610738857,0.938883370820502,0.183651065696107
2026-04-27,1.791737383449595,0.630710944302697,1.565686415701974,0.3479732765918939
2026-05-04,1.6700079422187224,0.12020003886149098,1.2327443213391411,0.10135833592300096
2026-05-11,1.6182238762015806,0.4157762082171153,1.3420089623145142,0.5468937540543777
2026-05-18,1.7387113962250056,0.5094116686105749,1.4552449853544491,0.8836170928414929
2026-05-25,1.3622742990218584,1.0522996732881233,1.0101073511812644,1.0971344112328856
2026-06-01,0.9493934451918362,2.563235416595801,1.0725146039551137,2.1238522469161616
2026-06-08,1.1887101746737068,2.562778218392919,1.4377119185009,2.638300905538427
2026-06-15,0.9671610732088818,1.643605255028527,1.2627881525752134,2.0568690326188337
2026-06-22,0.1931726502453127,2.5903482923059884,0.23328289195667073,2.4019085700861997
2026-06-29,0.055851881648222766,2.6225051186758055,0.32963567626246626,2.325423566198647
2026-07-06,0.07012408690938911,1.6081685894812394,0.23886719726342895,1.5802472049872218
2026-07-13,0.7824146044940125,2.0571918243290312,0.271721974303016,1.6501329529634834
2026-07-20,0.10527734976084603,2.671417866466493,0.5069324858644378,2.237623872559139
2026-07-27,0.16004468582504908,2.449300450302584,0.7120550930384411,2.257389997119232
2026-08-03,0.1461054784667928,2.153587496133773,0.622908934287016,2.048086412557217
2026-08-10,0.7196874802771731,1.8102977116679615,0.715628526337086,1.7621897801114295
2026-08-17,1.0574036558667466,2.183663092079634,0.8808532497910089,2.2101566834166424
2026-08-24,2.0384686627581026,0.7822540140410987,1.7091003079087206,0.9934130271265768
2026-08-31,0.9505542305586379,0.2774956320019367,0.9649767453779138,0.5917615446151411
2026-09-07,0.36940524671473346,0.4236975880456874,0.5828283999481638,1.0546271278657127
2026-09-14,0.793135843503824,0.9292304611136298,1.0204140716093686,1.6433613045584003
2026-09-21,0.7303325396368106,1.8185101526978462,1.0148975292917195,2.952669650637307
