forecast_date,asset,forecast_horizon,forecast_period,predicted_return,predicted_direction
2026-09-25,QQQ,1W,2026-10-02 → 2026-10-08,0.021992876883746255,UP
2026-09-25,QQQ,1M,2026-10-23 → 2026-11-19,-0.06218703139280724,DOWN
2026-09-25,QQQ,6M,2026-09-28 → 2027-03-30,0.16605800047731067,UP
2026-09-25,SOX,1W,2026-10-02 → 2026-10-08,0.028007439781353585,UP
2026-09-25,SOX,1M,2026-10-23 → 2026-11-19,-0.1184491522278101,DOWN
2026-09-25,SOX,6M,2026-09-28 → 2027-03-30,-0.08321474508469241,DOWN
2026-09-25,SP500,1W,2026-10-02 → 2026-10-08,0.009041214121100462,UP
2026-09-25,SP500,1M,2026-10-23 → 2026-11-19,-0.04263678835994649,DOWN
2026-09-25,SP500,6M,2026-09-28 → 2027-03-30,0.16009198037377056,UP
